1;2;3;4;5;6;7;8;9;10;11;12;13;14;15;16;17;18;19;20;21;22;23;24;25;26;27;28;29;30;31;32;33;34;35;36;37;38;39;40;41;42;43;44;45;46;47;48;49;50;51;52;53;;;;;;;;;;;;;;;;;
Player;Team;Age;GP;W;L;Min;PTS;FGM;FGA;FG%;15:00;3PA;3P%;FTM;FTA;FT%;OREB;DREB;REB;AST;TOV;STL;BLK;PF;FP;DD2;TD3;+/-;OFFRTG;DEFRTG;NETRTG;AST%;AST/TO;AST RATIO;OREB%;DREB%;REB%;TO RATIO;EFG%;TS%;USG%;PACE;PIE;POSS;;;;;;;;;;;;;;;;;;;;;;;;;
Shai Gilgeous-Alexander;OKC;26;76;63;13;34,2;2485;859;1657;51,9;160;433;37,5;600;669;89,8;68;312;380;486;182;129;76;167;4112;6;0;12,1;122,4;105,7;16,7;29,9;2,66;18,7;2,5;11,2;6,9;7;56,9;63,7;33,6;101,91;19,9;5514;;;;;;;;;;;;;;;;;;;;;;;;;
Anthony Edwards;MIN;23;79;48;31;36,3;2180;719;1612;44,7;324;814;39,5;419;498;83,7;63;387;450;356;253;95;47;150;3429;7;0;3,7;116,2;111,4;4,8;20,9;1,44;14,8;2,1;13,1;7,7;10,3;54,7;59,5;30,7;98,27;14;5883;;;;;;;;;;;;;;;;;;;;;;;;;
Nikola Jokić;DEN;30;70;46;24;36,7;2072;784;1365;57,6;140;329;41,7;364;448;80;203;693;889;714;231;126;42;161;4501;59;34;8,5;125,6;115,1;10,5;39,8;3,11;28,7;8,3;25,2;17,3;9,2;62,7;66,3;28,5;101,99;20,6;5471;;;;;;;;;;;;;;;;;;;;;;;;;
Giannis Antetokounmpo;MIL;30;67;40;27;34,2;2037;791;1320;60,1;13;60;22,2;436;710;61,7;147;650;797;436;208;60;80;154;3846;55;11;5;118,9;111,7;7,2;33,9;2,1;19,2;6,7;26,6;17,2;9,1;60,7;62,5;34,6;100,18;21;4772;;;;;;;;;;;;;;;;;;;;;;;;;
Jayson Tatum;BOS;27;72;53;19;36,4;1930;662;1462;45,2;252;727;34,3;360;439;81,4;50;576;626;432;209;79;36;158;3456;31;2;7,4;119,6;109,8;9,8;26,6;2,6;18,9;1,7;20,6;11,2;9,2;53,7;58,2;30,1;98,14;15,8;5368;;;;;;;;;;;;;;;;;;;;;;;;;
Devin Booker;PHX;28;75;35;40;37,3;1920;653;1418;46,1;180;548;33,2;435;480;89,4;75;233;308;533;218;68;15;195;3113;16;0;-2,4;115,3;118,5;-3,2;30,1;2,4;22,4;2,8;8;5,5;9,3;52,5;58,9;28,5;98,72;12,2;5752;;;;;;;;;;;;;;;;;;;;;;;;;
Tyler Herro;MIA;25;77;37;40;35,4;1840;655;1378;47,2;254;670;37,5;285;323;87,8;39;362;400;424;200;69;15;85;3018;9;0;1,3;113,9;112,6;1,3;25,4;2,14;20;1,3;13,2;7,3;9,3;56,3;60,5;27,1;97,78;13,9;5564;;;;;;;;;;;;;;;;;;;;;;;;;
Trae Young;ATL;26;76;36;40;36;1839;562;1376;41,1;220;638;34;494;562;87,5;38;198;236;882;357;91;15;144;3397;51;0;0,4;115,2;114,6;0,6;45,2;2,48;30,9;1,2;7,2;4,2;12,5;49,1;56,7;28,5;105,51;12,9;6020;;;;;;;;;;;;;;;;;;;;;;;;;
Cade Cunningham;DET;23;70;38;32;35;1827;686;1456;46,9;147;420;35,6;315;371;84,6;56;371;427;637;308;70;56;196;3360;31;9;2,5;115;112,2;2,8;40,9;2,06;25;2,3;14,7;8,6;12,1;52,1;56,5;32,3;101,57;15,2;5201;;;;;;;;;;;;;;;;;;;;;;;;;
James Harden;LAC;35;79;50;29;35,3;1801;529;1296;41;237;672;35,2;506;577;87,4;55;403;458;687;340;119;55;166;3555;38;3;4,4;115,4;109,2;6,2;36,5;2,01;26,9;2;14,3;8,3;13,4;50,1;58,2;28,6;98,82;14,5;5737;;;;;;;;;;;;;;;;;;;;;;;;;
Karl-Anthony Towns;NYK;29;72;46;26;35;1757;641;1217;52,6;144;338;42;338;410;82,9;209;706;922;223;194;72;50;252;3370;58;1;5,3;119,4;112,7;6,8;13;1,16;12,4;8,7;28,4;18,7;10,7;58,4;63;26,5;99,25;16,1;5215;;;;;;;;;;;;;;;;;;;;;;;;;
Zach LaVine;SAC;30;74;32;42;35,2;1724;622;1221;51,1;237;533;44,6;237;289;82,5;22;296;318;311;207;59;15;118;2568;6;0;-0,9;115,4;116,8;-1,4;17,8;1,49;16,7;0,9;10,7;5,9;11,2;60,9;63,9;25,1;101,28;11,5;5493;;;;;;;;;;;;;;;;;;;;;;;;;
Jalen Green;HOU;23;82;52;30;32,9;1722;607;1435;42,3;238;664;35,4;271;336;81,3;41;328;377;279;205;74;25;123;2690;4;0;2;113,8;111,1;2,8;15,9;1,39;13,7;1,5;12;6,5;9,9;50,5;54,4;26,7;99,75;11,1;5610;;;;;;;;;;;;;;;;;;;;;;;;;
Stephen Curry;GSW;37;70;41;29;32,2;1715;567;1260;44,8;308;784;39,7;280;301;93,3;42;273;308;420;203;77;28;98;2849;9;0;4,3;118,4;112,7;5,7;28,4;2,11;21,1;1,7;11,8;6,6;10;57,2;61,8;28,6;101,72;14,5;4785;;;;;;;;;;;;;;;;;;;;;;;;;
DeMar DeRozan;SAC;35;77;38;39;35,9;1709;624;1309;47,7;85;254;32,8;377;439;85,7;46;246;300;339;108;62;31;146;2757;3;0;1,4;116,8;115,3;1,5;18,2;3,26;17,7;1,8;9;5,4;5,4;50,9;56,9;24,4;99,35;11,2;5740;;;;;;;;;;;;;;;;;;;;;;;;;
LeBron James;LAL;40;70;44;26;34,9;1708;651;1267;51,3;147;399;37,6;259;329;78,2;70;476;546;574;259;70;42;98;3297;32;10;-0,8;112,7;114;-1,3;39,5;2,21;25,6;3,1;18,7;11,2;11,6;57,1;60,4;29,1;100,62;16,9;5129;;;;;;;;;;;;;;;;;;;;;;;;;
Donovan Mitchell;CLE;28;71;55;16;31,4;1704;582;1321;44,3;234;632;36,8;298;362;82,3;57;263;320;355;149;92;14;142;2805;6;0;7,4;119,7;109,1;10,5;23,8;2,38;18;2,5;11,2;6,9;7,6;53,1;57,5;29,8;102,21;13,7;4762;;;;;;;;;;;;;;;;;;;;;;;;;
Jalen Brunson;NYK;28;65;40;25;35,4;1690;585;1203;48,8;150;397;38,3;371;449;82,1;26;163;189;475;163;59;7;137;2665;14;0;2,2;118,3;115,7;2,6;31,8;2,9;23,5;1,2;7,2;4,2;8,1;55,1;60,5;28,9;97,79;13,8;4697;;;;;;;;;;;;;;;;;;;;;;;;;
Kevin Durant;PHX;36;62;33;29;36,5;1649;589;1122;52,7;161;372;43;304;360;83,9;25;353;372;260;192;50;74;105;2678;5;0;-0,6;116,5;117,4;-1;18,8;1,38;15,2;1,1;14,7;8,4;11;59,8;64,2;28,3;99,49;14,2;4697;;;;;;;;;;;;;;;;;;;;;;;;;
Jaren Jackson Jr,;MEM;25;74;42;32;29,8;1643;592;1214;48,8;148;392;37,5;311;400;78,1;89;326;414;148;155;89;111;259;2827;6;0;4,5;115,2;108,8;6,4;10,2;0,97;8,8;3,8;13,4;8,7;9,1;54,8;59,1;27,4;105,56;12,4;4863;;;;;;;;;;;;;;;;;;;;;;;;;
Pascal Siakam;IND;31;78;47;31;32,7;1576;616;1186;51,9;125;328;38,9;226;304;73,4;133;406;538;265;109;70;39;187;2847;11;0;4;114,5;108,9;5,5;15,5;2,41;15,6;5,3;15,4;10,4;6,5;57,2;59,9;23,7;101,43;13;5390;;;;;;;;;;;;;;;;;;;;;;;;;
Darius Garland;CLE;25;75;60;15;30,7;1545;555;1178;47,2;210;533;40,1;225;255;87,8;45;165;218;503;188;90;8;143;2678;7;0;6,7;123,2;113,4;9,9;30,9;2,68;25,6;2,1;6,8;4,5;9,6;56,2;60;26,5;101,32;12,6;4865;;;;;;;;;;;;;;;;;;;;;;;;;
Coby White;CHI;25;74;35;39;33,1;1510;511;1117;45,3;215;585;37;274;303;90,2;22;252;274;333;178;67;15;155;2412;2;0;-1,9;111,5;113,9;-2,5;19,7;1,86;18,8;1;9,5;5,3;10,1;55;60,1;23,7;105,37;10,3;5375;;;;;;;;;;;;;;;;;;;;;;;;;
Jalen Williams;OKC;24;69;55;14;32,4;1490;566;1166;48,4;124;338;36,5;235;297;78,9;62;311;366;352;152;110;48;159;2788;3;0;6,6;116,7;106,5;10,2;23,4;2,37;19,7;2,6;13,1;7,9;8,3;53,7;57,3;27;102,44;13,8;4760;;;;;;;;;;;;;;;;;;;;;;;;;
Austin Reaves;LAL;27;73;46;27;34,9;1475;475;1037;46;197;533;37,7;321;365;87,7;58;270;329;423;175;80;22;153;2635;9;1;2,7;117,1;113,3;3,8;24,1;2,38;23,6;2,5;10,1;6,5;9,9;55,6;61,6;23;99,86;11,8;5303;;;;;;;;;;;;;;;;;;;;;;;;;
De'Aaron Fox;SAS;27;62;27;35;36,1;1457;539;1166;46,3;118;378;31;260;316;82,7;56;242;298;391;174;93;25;161;2579;9;0;-1,1;113,7;114,9;-1,2;26,2;2,25;21;2,3;10,6;6,4;9,3;51,4;56;27,4;102,22;11,9;4768;;;;;;;;;;;;;;;;;;;;;;;;;
Alperen Sengun;HOU;22;76;52;24;31,5;1452;570;1140;49,6;23;91;23,3;296;426;69,2;258;524;783;372;198;84;61;213;3192;45;4;5,4;114,9;107,4;7,6;23,8;1,92;19,6;9,9;21;15,3;10,2;50,5;54,5;25,9;99,47;15,3;4978;;;;;;;;;;;;;;;;;;;;;;;;;
Franz Wagner;ORL;23;60;33;27;33,7;1452;540;1164;46,3;102;354;29,5;270;312;87,1;54;288;342;282;138;78;24;150;2436;3;0;4,1;111,8;105,8;6;24,7;2,06;16,5;2,7;14,6;8,5;8;50,7;55,8;30,6;97,65;15,3;4116;;;;;;;;;;;;;;;;;;;;;;;;;
Damian Lillard;MIL;34;58;32;26;36,1;1444;447;992;44,8;197;522;37,6;360;394;92,1;29;244;273;412;162;70;12;99;2465;14;2;0,9;115,3;114,6;0,7;29,9;2,53;23,8;1,4;10,8;6,3;9,4;54,7;62,1;26,9;100,86;14,4;4407;;;;;;;;;;;;;;;;;;;;;;;;;
Mikal Bridges;NYK;28;82;51;31;37;1443;590;1181;50;164;459;35,4;98;115;81,4;74;189;262;303;131;74;41;123;2435;1;0;4,1;118,4;112,9;5,6;14,1;2,32;18,3;2,4;6,3;4,3;7,9;57;58,5;19,2;98,1;9;6200;;;;;;;;;;;;;;;;;;;;;;;;;
Jamal Murray;DEN;28;67;41;26;36,1;1434;529;1119;47,4;154;395;39,3;221;248;88,6;47;214;261;402;141;94;34;127;2586;5;0;4,9;122;115,5;6,5;22,3;2,92;22,9;1,9;8,4;5,3;7,8;54,3;58,4;23,5;100,72;11,1;5075;;;;;;;;;;;;;;;;;;;;;;;;;
Bam Adebayo;MIA;27;78;36;42;34,3;1412;538;1115;48,5;78;218;35,7;250;328;76,5;187;562;749;335;164;101;55;164;3104;38;1;0,3;110,9;110,8;0,1;20,4;2,09;19,2;6,9;21,4;14,1;9,2;52,1;56,1;23,2;97,02;13,7;5414;;;;;;;;;;;;;;;;;;;;;;;;;
Luka Dončić;LAL;26;50;31;19;35,4;1410;460;1025;45;175;480;36,8;310;395;78,2;40;370;410;385;180;90;20;125;2625;21;5;6,9;119,6;110,5;9,1;34,2;2,14;21,8;2,3;19,8;11,2;10,2;53,6;58,7;32,8;100,22;17;3696;;;;;;;;;;;;;;;;;;;;;;;;;
Michael Porter Jr,;DEN;26;77;47;30;33,7;1401;531;1047;50,4;193;493;39,5;146;193;76,8;139;400;539;162;108;46;39;154;2456;15;0;3,4;119,8;115,4;4,4;8,4;1,59;11,8;5,5;14,6;10,3;7,4;59,6;61,7;19,7;101,52;10,1;5494;;;;;;;;;;;;;;;;;;;;;;;;;
Jaylen Brown;BOS;28;63;46;17;34,3;1399;517;1115;46,3;113;359;32,4;246;321;76,4;82;284;365;284;164;76;19;151;2381;5;0;6,4;121,1;111,7;9,5;20,4;1,77;16,8;3,7;12,6;8,2;9,5;51,5;55,5;28,2;98,57;11,4;4424;;;;;;;;;;;;;;;;;;;;;;;;;
Jordan Poole;WAS;25;68;15;53;29,4;1394;456;1054;43,2;238;619;37,8;245;272;88,3;34;170;204;306;204;88;27;204;2224;1;0;-8,2;104,8;117,9;-13,1;25,4;1,49;18;1,4;8;4,6;12,1;54,4;59,1;28,1;103,95;10,7;4337;;;;;;;;;;;;;;;;;;;;;;;;;
Tyrese Maxey;PHI;24;52;20;32;37,7;1368;478;1092;43,7;161;478;33,7;255;291;87,9;16;161;172;317;125;94;21;114;2267;8;1;-2,4;113,8;117,4;-3,5;27,6;2,56;19,2;0,7;8,7;4,5;7,5;51,1;56,2;29,3;98,34;12,7;4024;;;;;;;;;;;;;;;;;;;;;;;;;
Tyrese Haliburton;IND;25;73;46;27;33,6;1358;475;1007;47,3;219;562;38,8;190;219;85,1;44;219;256;672;117;102;51;95;3022;31;0;3;117,7;114,2;3,5;38,4;5,61;35,8;1,7;8,7;5,2;6,4;58,2;61,6;21;100,82;14,3;5165;;;;;;;;;;;;;;;;;;;;;;;;;
Nikola Vučević;CHI;34;73;34;39;31,2;1351;548;1037;53;131;321;40,2;117;146;80,5;175;555;737;256;117;58;51;161;2832;45;1;-1,3;113,6;116;-2,4;16,5;2,15;17,3;7,6;22,8;15,4;8,1;59,2;61,1;22,1;104,11;13,6;4950;;;;;;;;;;;;;;;;;;;;;;;;;
Anfernee Simons;POR;26;70;28;42;32,7;1351;476;1127;42,6;217;595;36,3;175;196;90,2;28;161;189;336;140;63;7;119;2135;2;0;-3,1;108,8;113,4;-4,6;24,1;2,36;20,1;1;6,9;3,9;8,5;52,1;55,7;24,1;99,72;10,6;4760;;;;;;;;;;;;;;;;;;;;;;;;;
Ivica Zubac;LAC;28;80;50;30;32,8;1344;592;944;62,8;0;0;0;160;240;66,1;304;712;1008;216;128;56;88;168;3184;59;1;6,4;116,5;107,1;9,4;12,1;1,69;15,5;12,2;27,1;19,9;9,2;62,8;64,1;19,2;98,55;15,7;5392;;;;;;;;;;;;;;;;;;;;;;;;;
Malik Beasley;DET;28;82;44;38;27,8;1337;459;1074;43;320;763;41,6;98;139;67,9;49;164;213;139;82;74;8;123;1952;1;0;2,1;113,3;110,2;3,1;8,9;1,67;10,3;2;6,9;4,5;6,2;57,9;59;21,5;102,76;9,1;4898;;;;;;;;;;;;;;;;;;;;;;;;;
Domantas Sabonis;SAC;29;70;36;34;34,7;1337;525;896;59;63;154;41,7;217;287;75,4;266;707;973;420;203;49;28;231;3157;61;10;2,1;116,5;113,9;2,6;25,1;2,09;25,7;11;28,6;19,9;12,3;62,7;65,5;21,3;99,78;16,4;5054;;;;;;;;;;;;;;;;;;;;;;;;;
OG Anunoby;NYK;27;74;45;29;36,6;1332;488;1029;47,6;170;459;37,2;185;229;81;96;259;355;163;104;111;67;170;2427;1;0;4,1;117,7;112,3;5,4;8,4;1,61;11,8;3,7;9,8;6,7;7,3;55,9;59,1;19,5;97,73;9,3;5511;;;;;;;;;;;;;;;;;;;;;;;;;
Shaedon Sharpe;POR;22;72;32;40;31,3;1332;497;1102;45,2;144;475;31,1;187;245;78,5;65;259;324;202;151;65;14;122;2102;3;0;-1,9;111,4;114,4;-3;13,8;1,32;12,7;2,9;11,4;7;9,7;51,9;55,1;25;99,88;10,2;4688;;;;;;;;;;;;;;;;;;;;;;;;;
Desmond Bane;MEM;26;69;38;31;32;1325;490;1021;48,4;166;421;39,2;179;200;89,4;62;359;421;366;166;83;28;166;2539;10;1;2,1;116,1;113,3;2,8;23,5;2,18;22,7;2,6;15;8,8;10,4;56,5;60;22,7;104,58;13,1;4809;;;;;;;;;;;;;;;;;;;;;;;;;
Evan Mobley;CLE;23;71;58;13;30,5;1314;504;909;55,7;85;227;37;220;305;72,5;163;497;660;227;142;64;114;142;2826;37;0;7,7;120,5;108,6;11,9;14,9;1,56;16,1;7,6;21,3;14,7;10,3;60,4;63,3;22,6;102,16;15,1;4609;;;;;;;;;;;;;;;;;;;;;;;;;
Norman Powell;LAC;32;60;39;21;32,6;1308;456;948;48,4;180;426;41,8;216;264;80,4;24;168;192;126;108;72;12;114;1860;1;0;5,9;116,2;107,4;8,8;9,6;1,16;9,7;1,1;8,5;4,9;8,4;57,8;61,5;25,5;99,69;11;4063;;;;;;;;;;;;;;;;;;;;;;;;;
Miles Bridges;CHA;27;64;16;48;31,7;1299;467;1088;43,1;141;448;31,3;224;256;87;70;410;480;250;134;45;45;96;2381;14;1;-4;108,2;113,6;-5,5;20,3;1,82;15,7;3,3;18,9;11;8,6;49,5;54,1;27,3;100,58;13,5;4239;;;;;;;;;;;;;;;;;;;;;;;;;
Julius Randle;MIN;30;69;44;25;32,3;1290;455;938;48,5;110;317;34,4;269;338;80,6;145;345;490;324;193;48;14;173;2353;14;0;2,4;115;111,6;3,4;22,8;1,65;20,1;6,5;14,9;10,8;12,2;54,2;59,3;24,6;98,45;12,4;4569;;;;;;;;;;;;;;;;;;;;;;;;;
Anthony Davis;DAL;32;51;30;21;33,4;1260;469;908;51,6;36;122;28,2;286;367;77,5;133;454;592;179;112;61;112;97;2637;36;1;0,5;113,3;112,9;0,5;18,2;1,6;13,3;8,3;25,4;17,3;8,3;53,6;58,8;30,1;98,83;17,9;3515;;;;;;;;;;;;;;;;;;;;;;;;;
Scottie Barnes;TOR;23;65;26;39;32,8;1255;475;1066;44,6;78;280;27,1;228;299;75,5;111;390;501;377;182;91;65;111;2704;26;1;-2;107,4;110,1;-2,7;27,9;2,04;21,5;4,7;17,6;11,1;10,5;48,2;52,3;26,2;102,48;13,9;4554;;;;;;;;;;;;;;;;;;;;;;;;;
Derrick White;BOS;30;76;58;18;33,9;1246;426;958;44,2;266;692;38,4;137;160;83,9;68;274;342;365;129;68;84;137;2523;4;0;7,1;119,7;109,5;10,2;19,9;2,76;23,7;2,5;10,1;6,4;8,6;58;60,6;19,5;97,89;10,6;5251;;;;;;;;;;;;;;;;;;;;;;;;;
Kyrie Irving;DAL;33;50;28;22;36,1;1235;445;945;47,3;145;360;40,1;195;215;91,6;60;180;240;230;110;65;25;100;2025;0;0;2,5;116,5;113,9;2,6;19,8;2,08;16,9;3,3;9,3;6,4;8,1;54,9;59,4;26,4;99,98;12,9;3768;;;;;;;;;;;;;;;;;;;;;;;;;
RJ Barrett;TOR;24;58;23;35;32,2;1224;458;980;46,8;104;307;35;197;313;63;64;307;365;313;162;46;17;139;2158;10;2;-2,4;110,1;113,4;-3,4;25,7;1,9;19,6;3,1;15,9;9,4;10,3;52,3;54,7;28;102,74;12,1;3998;;;;;;;;;;;;;;;;;;;;;;;;;
Christian Braun;DEN;24;79;48;31;33,9;1217;474;822;58;87;221;39,7;174;213;82,7;95;308;411;205;79;87;40;174;2299;6;0;6,1;122,7;114,5;8,2;9,6;2,53;17,1;3,9;10,9;7,7;6,8;63,4;66,5;15,5;101,04;9,6;5639;;;;;;;;;;;;;;;;;;;;;;;;;
Deni Avdija;POR;24;72;33;39;30;1217;403;842;47,6;122;346;36,5;288;374;78;108;410;526;281;194;72;36;173;2390;17;2;-1,1;113,6;114,5;-0,9;19,3;1,43;19;4,8;19;11,7;13,3;55;60,5;22,8;99,86;12,6;4479;;;;;;;;;;;;;;;;;;;;;;;;;
Paolo Banchero;ORL;22;46;21;25;34,4;1191;414;911;45,2;87;271;32;281;386;72,7;51;294;345;221;138;37;28;97;1992;11;0;-0,5;109,1;109,6;-0,6;26,2;1,61;15,3;3,1;19,2;10,8;9,5;50;55,1;33;97,29;15,7;3204;;;;;;;;;;;;;;;;;;;;;;;;;
Stephon Castle;SAS;20;81;33;48;26,7;1191;421;988;42,8;97;332;28,5;251;340;72,4;89;211;300;332;178;73;24;162;2155;6;0;-3;111,8;116,6;-4,7;23,1;1,88;20,1;3,9;9,2;6,6;10,7;47,6;52,2;25,3;101,89;8,7;4580;;;;;;;;;;;;;;;;;;;;;;;;;
LaMelo Ball;CHA;23;47;16;31;32;1184;404;1001;40,5;179;526;33,9;193;230;84,3;47;183;230;348;169;52;14;155;2016;13;0;-2,8;112,7;116,5;-3,9;39;2,07;21,5;2,8;12,1;7,2;10,4;49,4;53,6;34,2;101,33;12,7;3173;;;;;;;;;;;;;;;;;;;;;;;;;
CJ McCollum;NOP;33;56;17;39;32,7;1182;442;1002;44,4;174;459;37,3;123;174;71,7;45;168;213;230;106;45;22;123;1882;0;0;-5;112,3;119,4;-7,1;19,2;2,14;16,1;2,2;9,1;5,6;7,5;53;55;26,6;101,56;9,7;3874;;;;;;;;;;;;;;;;;;;;;;;;;
Ja Morant;MEM;25;50;30;20;30,4;1160;405;890;45,4;90;285;30,9;265;320;82,4;35;170;205;365;185;60;10;115;1985;13;1;4,5;116,4;109,6;6,8;35,5;1,97;23,1;2,1;10,1;6,2;11,8;50,4;56,3;31,2;105,74;14,1;3346;;;;;;;;;;;;;;;;;;;;;;;;;
Bennedict Mathurin;IND;22;72;43;29;29,9;1159;389;850;45,8;101;288;34;274;331;83,1;86;295;382;137;137;50;22;166;1901;8;0;1,3;113,8;112,2;1,6;9;1,01;10,7;4,1;13,3;8,8;10,6;51,6;57,9;22,2;101,52;9,2;4556;;;;;;;;;;;;;;;;;;;;;;;;;
Collin Sexton;UTA;26;63;14;49;27,9;1159;416;869;48;107;271;40,6;214;252;86,5;63;113;170;265;158;44;6;145;1758;2;0;-4,5;110,4;117,9;-7,5;24,6;1,65;18,9;3,3;6;4,7;11,5;54,3;59,3;26,4;101,38;10,6;3709;;;;;;;;;;;;;;;;;;;;;;;;;
Payton Pritchard;BOS;27;80;59;21;28,4;1144;408;864;47,2;256;624;40,7;72;88;84,5;104;208;304;280;80;72;16;120;2096;5;0;5,4;118,4;108,9;9,5;18,4;3,36;22,1;4,2;8,7;6,5;6,6;62;63,3;18,6;96,45;11,6;4561;;;;;;;;;;;;;;;;;;;;;;;;;
Naz Reid;MIN;25;80;47;33;27,5;1136;424;920;46,2;176;464;37,9;112;144;77,6;96;392;480;184;112;56;72;192;2264;10;0;4,3;116,2;108,8;7,4;12,3;1,68;14,2;4,1;17,1;10,6;8,5;55,6;57,7;21;99,34;11;4554;;;;;;;;;;;;;;;;;;;;;;;;;
Keyonte George;UTA;21;67;13;54;31,5;1126;362;918;39,1;174;509;34,3;235;288;81,8;27;228;255;375;181;47;7;114;1977;4;0;-7,6;110,1;122;-11,9;27,2;2,06;23,6;1,2;10,4;5,8;11,5;48,5;53,9;23,7;101,25;9,3;4454;;;;;;;;;;;;;;;;;;;;;;;;;
Trey Murphy III;NOP;24;53;14;39;35;1124;382;837;45,4;159;440;36,1;201;228;88,7;48;223;270;186;101;58;37;111;1908;2;0;-7,2;109;118,7;-9,7;15,7;1,83;15,4;2,4;11,7;6,9;8,4;54,8;59,8;22,9;102,03;11;3941;;;;;;;;;;;;;;;;;;;;;;;;;
Myles Turner;IND;29;72;44;28;30,2;1123;389;814;48,1;158;396;39,6;187;238;77,3;94;382;468;108;122;58;144;180;2326;13;0;2,8;116,1;111,5;4,7;7,2;0,9;9,7;4,3;16,9;10,9;10,7;57,7;61,2;20,7;100,19;10,3;4533;;;;;;;;;;;;;;;;;;;;;;;;;
Malik Monk;SAC;27;65;36;29;31,6;1118;410;936;43,9;137;429;32,5;156;176;86,5;33;215;247;364;156;59;39;156;2093;4;0;1,8;117;114,5;2,5;24,6;2,28;23,6;1,4;10,4;5,9;10,4;51,3;54,9;23,6;101,33;9,9;4339;;;;;;;;;;;;;;;;;;;;;;;;;
Victor Wembanyama;SAS;21;46;21;25;33,2;1118;409;856;47,6;143;405;35,2;156;189;83,6;83;423;506;170;147;51;175;106;2512;28;1;2,2;112,5;110;2,5;18,4;1,13;13,4;5,4;25,5;15,9;11,9;55,9;59,4;30;101;16,8;3223;;;;;;;;;;;;;;;;;;;;;;;;;
Jarrett Allen;CLE;27;82;64;18;28;1107;451;640;70,6;0;8;0;197;279;71,8;213;582;795;156;98;74;74;123;2649;40;0;6,3;121,9;111,3;10,5;9,1;1,63;15,5;9,5;23,8;16,9;9,5;70,6;72,4;15,6;101,43;14,8;4853;;;;;;;;;;;;;;;;;;;;;;;;;
Quentin Grimes;PHI;25;75;29;46;26,8;1095;383;825;46,7;165;420;38,5;165;218;75,7;60;263;323;225;143;75;23;135;1973;4;0;-3,5;111,9;118,1;-6,2;17,2;1,62;17,9;2,8;12,6;7,7;11;56,5;59,5;21,8;100,7;10,5;4223;;;;;;;;;;;;;;;;;;;;;;;;;
De'Andre Hunter;CLE;27;64;38;26;27,2;1088;358;762;47;160;390;40,5;218;256;84,6;45;211;256;90;83;51;13;154;1645;2;0;1,4;115,9;113,9;2;7,7;1,12;8,7;2,4;11,7;7,1;7,8;57,3;62,3;22,1;104,77;10,1;3803;;;;;;;;;;;;;;;;;;;;;;;;;
Andrew Wiggins;MIA;30;60;27;33;30,7;1080;378;840;44,8;132;348;37,4;198;258;76,3;90;180;270;156;102;60;48;102;1866;3;0;-1,7;109,4;111,7;-2,3;13,7;1,6;13,1;4,5;9,5;6,9;8,2;52,6;56,6;23,8;99,96;10,5;3831;;;;;;;;;;;;;;;;;;;;;;;;;
Dyson Daniels;ATL;22;76;37;39;33,8;1072;456;920;49,3;84;236;34;84;137;59,3;122;327;448;334;152;228;53;175;2812;9;0;-0,9;113,3;114,2;-0,9;17,4;2,15;22,6;4,6;12,7;8,5;10,5;53,6;54,5;17,8;104,17;9,9;5574;;;;;;;;;;;;;;;;;;;;;;;;;
Cameron Johnson;BKN;29;57;21;36;31,6;1072;353;747;47,5;160;410;39;200;222;89,3;51;194;245;194;97;51;23;103;1790;2;0;-3,5;110,9;116,7;-5,8;17,9;1,96;17,2;3;11,3;7;8,8;58,2;63,2;22,4;97,41;12,4;3657;;;;;;;;;;;;;;;;;;;;;;;;;
Dillon Brooks;HOU;29;75;49;26;31,8;1050;383;893;42,9;188;473;39,7;98;120;81,8;75;203;278;128;75;60;15;240;1725;0;0;2,8;113,5;108,8;4,7;7,6;1,68;11,1;2,8;8,1;5,4;6,6;53,3;55,5;17,6;98,94;6,7;4913;;;;;;;;;;;;;;;;;;;;;;;;;
Josh Hart;NYK;30;77;48;29;37,6;1047;400;770;52,5;85;254;33,3;162;208;77,6;162;578;739;454;162;116;31;200;2895;34;9;2,6;117,9;114,3;3,6;20,6;2,87;30,8;5,7;20,3;13;10,8;57,9;61,1;15,1;97,79;11,9;5898;;;;;;;;;;;;;;;;;;;;;;;;;
Devin Vassell;SAS;24;64;24;40;31;1043;397;890;44,3;160;429;36,8;96;122;79,2;32;224;256;186;90;83;32;109;1882;2;0;-4,1;111,9;118,1;-6,2;13,9;2,08;15,2;1,6;10,7;6,2;7,3;53,2;55,3;21,7;100,8;9,2;4163;;;;;;;;;;;;;;;;;;;;;;;;;
Brook Lopez;MIL;37;80;47;33;31,8;1040;392;776;50,9;136;376;37,3;112;136;82,6;112;288;400;144;88;48;152;168;2248;4;0;1,7;114,8;112,7;2,2;7,8;1,7;13,5;4,6;10,7;7,8;7,9;59,9;62,4;15,7;100,24;8,7;5325;;;;;;;;;;;;;;;;;;;;;;;;;
Josh Giddey;CHI;22;70;33;37;30,2;1022;371;798;46,5;105;280;37,8;175;224;78,1;126;441;567;504;203;84;42;119;2639;30;7;-1;113,1;114,4;-1,4;32,2;2,49;31,4;5,9;19,2;12,7;12,6;53,1;57;21,4;104,47;13;4605;;;;;;;;;;;;;;;;;;;;;;;;;
Harrison Barnes;SAS;33;82;34;48;27,2;1009;344;681;50,8;156;361;43,3;164;197;80,9;98;213;312;139;49;41;16;74;1697;1;0;-0,3;114,5;115,6;-1,2;8,5;2,72;14,2;4,2;9,1;6,7;5,2;62,2;65,6;15,7;100,08;9,2;4662;;;;;;;;;;;;;;;;;;;;;;;;;
Klay Thompson;DAL;35;72;33;39;27,3;1008;360;878;41,2;216;554;39,1;65;72;90,5;43;202;245;144;86;50;29;79;1670;0;0;-1,1;112,8;115,2;-2,4;10,4;1,65;12,7;2,2;9,7;6;7,7;53,5;55,2;21,4;100,53;8,3;4123;;;;;;;;;;;;;;;;;;;;;;;;;
Tobias Harris;DET;32;73;40;33;31,6;1000;387;803;47,7;88;263;34,5;146;168;86,1;66;365;431;161;88;73;58;139;2073;5;0;2,6;114,7;110,8;3,9;9,5;1,91;14,4;2,8;15,5;9,2;7,6;53,4;57,1;17,3;100,89;10;4845;;;;;;;;;;;;;;;;;;;;;;;;;
Jaden McDaniels;MIN;24;82;49;33;31,9;1000;402;836;47,7;98;303;33;107;131;81,3;131;344;467;164;98;107;74;221;2263;10;0;2,1;113,9;109,9;4;9,1;1,72;14,2;4,8;12,6;8,7;8,3;53,7;56,2;16;98,07;8,6;5323;;;;;;;;;;;;;;;;;;;;;;;;;
Russell Westbrook;DEN;36;75;43;32;27,9;998;375;833;44,9;98;293;32,3;158;233;66,1;105;270;368;458;240;105;38;188;2310;13;4;-0,3;115,7;116,2;-0,6;28,9;1,89;27,9;5;11,9;8,6;14,8;50,5;53,2;23;103,3;9,3;4504;;;;;;;;;;;;;;;;;;;;;;;;;
Onyeka Okongwu;ATL;24;74;35;39;27,9;992;385;681;56,7;44;148;32,4;163;215;75,9;222;437;659;170;89;67;67;192;2353;28;0;0,5;114,9;113,7;1,1;11,3;1,87;16,2;10,3;21,3;15,7;8,7;60,2;63,4;16,9;104,52;12,2;4489;;;;;;;;;;;;;;;;;;;;;;;;;
Dennis Schröder;DET;31;75;37;38;28,1;983;338;825;40,6;128;368;34,2;180;218;83,8;30;173;195;405;143;68;15;180;1913;7;0;-1;111,8;112,8;-0,9;28,7;2,85;27,6;1,2;8;4,6;9,7;48,3;53,1;21,1;100,49;9,1;4393;;;;;;;;;;;;;;;;;;;;;;;;;
Keldon Johnson;SAS;25;77;31;46;23,9;978;370;770;48,2;85;277;31,8;146;193;77,3;116;262;370;123;77;46;23;116;1748;3;0;-2,8;110,1;115,9;-5,8;10,5;1,62;11,9;5,7;13,6;9,6;7,3;53,8;57,2;20,7;102,06;10,3;3912;;;;;;;;;;;;;;;;;;;;;;;;;
Amen Thompson;HOU;22;69;43;26;32,3;973;386;697;55,7;28;90;27,5;166;248;68,4;193;373;566;262;138;97;90;166;2463;21;3;3,9;114,2;107,9;6,3;16,7;1,92;21,9;7,8;15,9;11,8;11,4;57,5;60,2;17,2;100;12,9;4626;;;;;;;;;;;;;;;;;;;;;;;;;
Jimmy Butler III;GSW;35;55;36;19;31,7;963;303;600;50,4;33;105;30,8;330;391;84,2;127;171;297;297;72;77;17;50;1975;6;3;4,5;115,9;109,6;6,3;26;4,03;26,2;7;10,1;8,5;6,5;53,1;62,6;20,3;98,95;14,5;3608;;;;;;;;;;;;;;;;;;;;;;;;;
Kyle Kuzma;MIL;29;65;25;40;29,8;962;371;845;43,6;98;312;30,7;130;202;63,4;52;319;371;150;143;39;20;117;1658;6;0;-6,4;105,8;116,1;-10,3;12,3;1,04;12,3;2,7;15,5;9,1;11,8;49,3;51,4;23,3;102,96;8;4158;;;;;;;;;;;;;;;;;;;;;;;;;
Zaccharie Risacher;ATL;20;75;38;37;24,6;945;360;780;45,8;120;345;35,5;105;150;71,1;83;180;270;90;90;53;38;150;1575;1;0;-1,6;112,3;115;-2,7;6,8;1;9;4,4;9,9;7,1;9;53,7;55,8;20,3;104,57;7,1;4011;;;;;;;;;;;;;;;;;;;;;;;;;
Keegan Murray;SAC;24;76;36;40;34,3;942;365;821;44,4;152;448;34,3;61;68;83,3;144;365;509;106;61;61;68;182;2044;11;0;0,6;114,8;113,4;1,5;5,5;1,82;10,7;5,6;13,4;9,5;5,9;53,8;55,3;14,8;100,09;7,5;5428;;;;;;;;;;;;;;;;;;;;;;;;;
Jalen Duren;DET;21;78;43;35;26,1;920;374;546;69,2;0;0;0;164;242;66,9;281;530;803;211;133;55;86;250;2496;41;0;0,5;115,5;114;1,5;14,1;1,54;21;13,7;25,9;19,9;13,6;69,2;70,3;16,1;101,29;14;4278;;;;;;;;;;;;;;;;;;;;;;;;;
Aaron Wiggins;OKC;26;76;62;14;22,9;912;357;730;48,8;129;342;38,3;76;91;83,1;84;213;296;137;68;61;15;99;1634;2;0;6,8;120,7;106,6;14,2;10,2;1,94;13,8;4,6;11,3;8,1;7,1;57,7;59,6;20;101,91;10,5;3698;;;;;;;;;;;;;;;;;;;;;;;;;
Naji Marshall;DAL;27;69;32;37;27,8;911;359;711;50,8;62;221;27,5;131;159;81,3;76;255;331;207;110;69;14;110;1753;6;0;-2;111,5;114,7;-3,2;16,1;1,86;18,9;4;12,5;8,4;10,2;55,1;58,4;19,7;101,27;10,5;4046;;;;;;;;;;;;;;;;;;;;;;;;;
Buddy Hield;GSW;32;82;48;34;22,7;910;328;787;41,7;205;549;37;49;66;82,8;49;213;262;131;90;66;25;131;1615;0;0;1,7;112,3;110,1;2,2;10,6;1,47;13;2,5;11,1;6,6;8,8;54,6;56;19,6;100,82;8,5;3937;;;;;;;;;;;;;;;;;;;;;;;;;
Kelly Oubre Jr,;PHI;29;60;21;39;34,6;906;348;744;47;72;240;29,3;138;186;75,1;96;270;366;108;78;90;30;180;1794;10;0;-4,3;110,7;116,4;-5,7;7,9;1,35;10,7;4,6;14;9,1;8;51,8;55,1;18,6;98,68;8,4;4266;;;;;;;;;;;;;;;;;;;;;;;;;
Bradley Beal;PHX;31;53;22;31;32,1;901;345;694;49,7;101;265;38,6;111;138;80,3;32;143;175;196;101;58;27;138;1564;1;0;-5,2;110,6;118,6;-8;17,7;1,97;18,6;2,1;8,3;5,4;9,4;57,1;59,8;21,9;100,02;9,3;3552;;;;;;;;;;;;;;;;;;;;;;;;;
Lauri Markkanen;UTA;28;47;9;38;31,4;893;296;700;42,3;136;400;34,6;160;183;87,6;71;207;277;71;66;33;19;80;1415;5;0;-4;111,4;117,5;-6,1;7,4;1,06;7,7;4,6;13,4;9;7,2;52,1;57,1;23,1;101,64;10,3;3127;;;;;;;;;;;;;;;;;;;;;;;;;
Toumani Camara;POR;25;78;33;45;32,7;881;328;718;45,8;133;359;37,5;94;125;72,2;172;281;452;172;109;117;47;226;2075;4;0;-1,5;111,5;113,3;-1,8;9,6;1,61;16,6;6,3;11;8,6;10,3;55,2;57,2;14,3;99,38;7,6;5267;;;;;;;;;;;;;;;;;;;;;;;;;
Ty Jerome;CLE;27;70;55;15;19,9;875;322;616;51,6;112;252;43,9;126;147;87,2;49;126;175;238;91;77;0;105;1589;0;0;4,3;120,3;110,4;9,9;24,1;2,58;23,5;3,6;8,3;6;9,1;60,6;64,3;22,9;101,92;13,4;2960;;;;;;;;;;;;;;;;;;;;;;;;;
Alex Sarr;WAS;20;67;13;54;27,1;871;328;831;39,4;107;342;30,8;114;168;67,9;127;308;436;161;114;47;101;147;1956;10;0;-8,1;102,7;116,4;-13,7;13,9;1,41;13,7;6;15,8;10,8;9,7;45,7;48,2;23;104,3;8,4;3939;;;;;;;;;;;;;;;;;;;;;;;;;
Spencer Dinwiddie;DAL;32;79;37;42;27;869;284;679;41,6;111;324;33,4;198;245;80,2;16;190;205;348;103;71;16;119;1809;5;0;-2,8;110,1;115,1;-5;22,8;3,42;28,3;0,8;8,6;4,8;8,3;49,6;55,3;17,5;101,4;8,9;4515;;;;;;;;;;;;;;;;;;;;;;;;;
Rudy Gobert;MIN;32;72;43;29;33,2;864;338;511;66,9;0;0;0;187;274;67,4;266;518;785;130;86;58;101;180;2390;36;0;4,5;114,3;107,6;6,7;7,5;1,43;14,9;11,1;21;16,1;10,5;66,9;68,7;12,9;97,63;12,6;4858;;;;;;;;;;;;;;;;;;;;;;;;;
Tim Hardaway Jr,;DET;33;77;41;36;28;847;277;678;40,6;169;454;36,8;123;146;85,5;15;162;185;123;46;39;8;92;1332;0;0;0,3;113,8;114,2;-0,5;7,4;2,56;13,6;0,8;7,5;4,2;5,3;52,9;56,7;15,1;100,66;6,6;4535;;;;;;;;;;;;;;;;;;;;;;;;;
Fred VanVleet;HOU;31;60;41;19;35,2;846;288;762;37,8;162;462;34,5;114;138;81;30;192;222;336;90;96;24;138;1878;4;0;4,4;115;108,8;6,2;21,7;3,83;27;1,4;8,9;4,9;7,1;48,3;51,5;17,6;98,18;9,3;4316;;;;;;;;;;;;;;;;;;;;;;;;;
Jonas Valančiūnas;SAC;33;81;23;58;18,8;842;348;624;55;8;41;21,6;146;162;87,9;186;437;624;162;122;41;49;178;1968;21;0;-3,8;109,2;118,8;-9,6;17,1;1,37;16,6;12,2;28,6;20,3;12,2;55,7;60,2;22,2;101,28;14,7;3217;;;;;;;;;;;;;;;;;;;;;;;;;
P,J, Washington;DAL;26;57;31;26;32,2;838;302;667;45,3;91;239;38,1;143;200;72,2;80;359;445;131;120;63;63;131;1813;14;0;0,9;114,2;113,2;1,1;9,8;1,11;13,1;4,4;18,3;11,5;11,8;52,1;55,6;19,8;101,66;9,7;3889;;;;;;;;;;;;;;;;;;;;;;;;;
Scoot Henderson;POR;21;66;30;36;26,7;838;284;686;41,9;106;297;35,4;158;205;76,7;53;145;198;337;178;66;13;178;1643;2;0;-0,6;112,5;113,7;-1,3;27,4;1,89;25,9;2,8;8,3;5,4;13,7;49,6;54;22;100,99;8,4;3705;;;;;;;;;;;;;;;;;;;;;;;;;
Keon Johnson;BKN;23;79;25;54;24,4;837;300;782;38,9;126;403;31,4;111;142;77;63;237;300;174;119;79;32;205;1675;0;0;-5,4;104,1;114,4;-10,3;14,8;1,51;15,5;3,1;12,5;7,6;10,3;47;49,9;21,2;98,77;7;3954;;;;;;;;;;;;;;;;;;;;;;;;;
Obi Toppin;IND;27;79;48;31;19,6;830;316;600;52,9;111;300;36,5;87;111;78,1;55;261;316;126;71;47;32;111;1564;2;0;-1;113,6;116,1;-2,6;11,6;1,88;15,2;3,6;16,7;10,1;8,1;62,1;64,2;19,1;103,97;11,5;3350;;;;;;;;;;;;;;;;;;;;;;;;;
Jakob Poeltl;TOR;29;57;21;36;29,6;827;365;581;62,7;0;6;33,3;97;143;67,4;188;359;547;160;108;68;68;177;2018;23;0;-0,6;111,2;111,9;-0,7;13,6;1,42;17,4;11;20,6;15,8;12,2;62,8;64,1;18,4;101,44;13,3;3557;;;;;;;;;;;;;;;;;;;;;;;;;
Tyus Jones;PHX;29;81;36;45;26,8;826;308;680;44,8;162;405;41,4;49;57;89,5;41;154;194;429;89;73;8;65;1847;6;0;-1,1;113,6;116,1;-2,5;27,6;4,71;34,9;1,9;6,9;4,5;7,4;57;58,5;16;99,19;9,9;4500;;;;;;;;;;;;;;;;;;;;;;;;;
Jaylen Wells;MEM;21;79;47;32;25,9;822;284;679;42,5;134;395;35,2;111;134;82,2;87;182;269;134;71;47;8;142;1438;1;0;2,4;116,7;111,9;4,7;8,2;1,96;14,4;4;8,3;6,1;7,4;52,7;56;15,6;104,64;6,5;4444;;;;;;;;;;;;;;;;;;;;;;;;;
Gary Trent Jr,;MIL;26;74;44;30;25,6;821;281;659;43,1;178;437;41,6;81;89;84,8;22;148;170;89;44;74;7;126;1339;0;0;0,9;115,9;114;1,9;6,4;2,07;10,6;1,1;7,4;4,4;5,1;56,8;59,1;16,8;100,75;7;3972;;;;;;;;;;;;;;;;;;;;;;;;;
Kristaps Porziņģis;BOS;29;42;30;12;28,8;819;277;575;48,3;105;252;41,2;160;197;80,9;67;214;286;88;55;29;63;118;1520;6;0;4,1;116,2;110,3;5,8;11,3;1,64;10,8;5,4;16,3;11;6,6;57,2;61,8;25,3;99,83;13,2;2528;;;;;;;;;;;;;;;;;;;;;;;;;
Duncan Robinson;MIA;31;74;30;44;24,1;814;289;666;43,7;192;481;39,3;44;52;88,7;15;148;170;178;89;37;7;133;1332;0;0;0,9;110,1;109,9;0,2;14,8;2,05;18,6;1;8,4;4,7;9,1;58,1;59,5;18,7;97,68;7,8;3661;;;;;;;;;;;;;;;;;;;;;;;;;
Santi Aldama;MEM;24;65;38;27;25,5;813;312;650;48,3;117;325;36,8;65;91;69,1;91;325;416;189;72;52;26;78;1762;10;0;2,3;116,1;112,6;3,5;14,9;2,65;19,9;5,2;18,1;11,6;7,5;57,6;58,8;17,9;105,41;12,1;3654;;;;;;;;;;;;;;;;;;;;;;;;;
Julian Champagnie;SAS;23;82;34;48;23,6;812;279;664;41,5;180;484;37,1;82;90;90,4;66;254;320;115;74;57;33;115;1574;0;0;-0,8;112,3;114,5;-2,1;7,8;1,5;12,6;3,2;12,1;7,7;8,4;54,9;57,7;16,4;102,25;7,9;4125;;;;;;;;;;;;;;;;;;;;;;;;;
Bub Carrington;WAS;19;82;18;64;30;804;303;746;40,1;139;410;33,9;66;82;81,2;33;312;344;361;139;57;25;189;1845;5;0;-9,7;102,8;118;-15,2;21,3;2,58;28,3;1,2;11,7;6,4;11;49,3;51,4;15,4;103,06;7,1;5279;;;;;;;;;;;;;;;;;;;;;;;;;
Kawhi Leonard;LAC;33;37;26;11;31,9;796;311;622;49,8;78;189;41,1;96;122;81;33;185;218;115;70;59;19;56;1388;5;0;8;120,3;107,9;12,4;14,7;1,61;13,5;3,3;15,8;9,8;8,4;56;58,9;28;97,26;13,4;2391;;;;;;;;;;;;;;;;;;;;;;;;;
Georges Niang;ATL;31;79;55;24;21,5;782;284;616;46,1;166;411;40,6;47;55;79,3;47;221;269;111;79;32;16;198;1319;1;0;2,5;118,7;114,1;4,7;8,7;1,35;13,2;2,7;12,6;7,7;9,8;59,5;60,7;17,7;102,45;7,1;3633;;;;;;;;;;;;;;;;;;;;;;;;;
Scotty Pippen Jr,;MEM;24;79;46;33;21,3;782;284;593;48;87;221;39,7;119;174;71,3;63;198;261;348;134;103;32;205;1872;9;1;0,6;111;109,7;1,3;28,3;2,51;30,3;3,5;10,5;7;12;55,3;58,2;18,8;105,6;10,6;3700;;;;;;;;;;;;;;;;;;;;;;;;;
Derrick Jones Jr,;LAC;28;77;48;29;24,3;778;308;585;52,6;77;216;35,6;85;116;70,3;92;169;262;62;69;77;31;154;1455;0;0;3,2;115,5;108,7;6,7;4,4;0,91;7,8;5,1;9,2;7,2;8,6;59,3;60,9;16;99,72;7,6;3886;;;;;;;;;;;;;;;;;;;;;;;;;
Gradey Dick;TOR;21;54;15;39;29,4;778;265;648;41;113;324;35;135;157;85,8;43;151;194;97;81;49;11;119;1247;0;0;-3,9;110,3;116,1;-5,8;8,7;1,18;10,9;2,7;9,2;5,9;9,3;49,8;54,3;20,9;101,36;7,1;3345;;;;;;;;;;;;;;;;;;;;;;;;;
Caris LeVert;ATL;30;64;46;18;24,9;774;282;602;46,7;109;282;37,3;109;154;71;38;160;205;218;77;58;32;96;1536;1;0;4;120,5;113,4;7,2;17,8;2,83;22,5;2,6;9,6;6,2;7,9;55,6;58,2;19,1;103,21;9,4;3437;;;;;;;;;;;;;;;;;;;;;;;;;
Brice Sensabaugh;UTA;21;71;14;57;20,2;774;277;596;45,9;156;369;42,2;64;71;89;43;170;213;107;107;43;7;114;1243;0;0;-4;109,9;119,5;-9,6;11,7;1,03;13;2,8;11;6,9;12,7;59;61,2;20,8;103,21;8,7;3084;;;;;;;;;;;;;;;;;;;;;;;;;
Rui Hachimura;LAL;27;59;37;22;31,7;773;295;578;50,9;100;248;41,3;89;112;77;77;218;295;83;47;47;24;106;1416;1;0;2,7;114,8;110,9;3,9;6,3;1,69;10,9;4,4;11,1;7,9;6,5;59,7;61,9;15,6;99,44;8,6;3875;;;;;;;;;;;;;;;;;;;;;;;;;
Kevin Porter Jr,;MIL;25;75;43;32;19,8;773;293;653;44,9;53;180;31,1;128;173;76,9;45;233;278;255;135;83;15;120;1635;2;1;0,4;109,1;108;1,1;27,6;1,88;22,9;2,9;14,8;9,2;12,2;49,2;53,1;24,8;100,63;11,9;3104;;;;;;;;;;;;;;;;;;;;;;;;;
Nickeil Alexander-Walker;MIN;26;82;49;33;25,3;771;271;615;43,8;139;369;38,1;90;115;78;57;213;262;221;98;49;33;139;1583;1;0;3,3;115,1;108,5;6,6;14,9;2,25;22,7;2,6;9,8;6,2;10,1;55,3;57,9;15,5;99,57;8,1;4294;;;;;;;;;;;;;;;;;;;;;;;;;
Guerschon Yabusele;PHI;29;70;23;47;27,1;770;280;560;50,1;105;273;38;98;140;72,5;133;259;392;147;84;56;21;161;1624;3;0;-1,7;113,5;116,7;-3,2;11,4;1,7;17,2;7;14,9;10,8;10,1;59,3;61,6;16,3;97,28;9,2;3842;;;;;;;;;;;;;;;;;;;;;;;;;
John Collins;UTA;27;40;12;28;30,5;760;280;532;52,7;60;148;39,9;140;164;84,8;88;240;328;80;104;40;40;116;1404;13;0;-0,4;112,4;113,3;-0,9;10,5;0,78;10,2;7,3;17,9;12,8;13,2;58,3;62,8;23,4;101,72;12,9;2590;;;;;;;;;;;;;;;;;;;;;;;;;
Isaiah Joe;OKC;25;74;63;11;21,7;755;259;585;44;192;466;41,2;44;59;82,1;44;155;192;118;37;44;7;111;1302;0;0;7,4;119,9;104,1;15,8;9,6;3,13;15,6;2,5;8,9;5,8;5;60,4;61,7;16,6;102,23;8,9;3420;;;;;;;;;;;;;;;;;;;;;;;;;
Jalen Wilson;BKN;24;79;25;54;25,7;751;245;616;39,7;119;363;33,7;134;166;81,8;71;198;269;142;79;40;8;166;1343;0;0;-3,3;106,9;113,7;-6,7;11;1,84;15,9;3,5;10,2;6,7;8,6;49,5;54,1;16,1;97,23;6,5;4122;;;;;;;;;;;;;;;;;;;;;;;;;
Aaron Gordon;DEN;29;51;33;18;28,4;750;265;495;53,1;77;173;43,6;143;179;81;82;168;245;163;71;26;15;82;1326;3;0;5,9;122,5;113;9,5;14,3;2,25;20,1;6;10,9;8,6;9;60,7;65;18,6;101,64;10,4;3068;;;;;;;;;;;;;;;;;;;;;;;;;
Max Christie;DAL;22;78;40;38;27,3;749;250;593;42,7;117;312;36,6;133;148;85,5;39;218;257;148;86;62;31;117;1474;0;0;-1,1;112,6;114,3;-1,7;9,3;1,66;16,4;1,9;10,2;6,1;9,9;52,5;57;15;100,27;6,9;4440;;;;;;;;;;;;;;;;;;;;;;;;;
Brandin Podziemski;GSW;22;64;38;26;26,8;749;282;627;44,5;115;307;37,2;70;96;75,8;64;262;326;218;77;70;13;96;1638;2;0;4,1;111,6;105,1;6,6;19,4;2,93;22,8;3,4;15,1;8,9;7,8;53,7;55,7;17,7;100,36;11,4;3600;;;;;;;;;;;;;;;;;;;;;;;;;
Zion Williamson;NOP;24;30;10;20;28,6;738;288;507;56,7;3;12;23,1;159;240;65,6;75;141;216;159;90;36;27;81;1338;8;2;-1,4;113,7;115,5;-1,8;32,5;1,77;18,5;8;15,2;11,6;10,5;57;60;32,5;103,3;16,7;1841;;;;;;;;;;;;;;;;;;;;;;;;;
Anthony Black;ORL;21;78;39;39;24,2;733;265;616;42,3;62;195;31,8;148;195;76,1;55;179;226;242;140;86;47;164;1638;1;0;-0,5;106,2;107,1;-0,9;20,1;1,73;22,2;2,6;10;6,1;12,8;47,3;52,1;19;97,83;8,4;3844;;;;;;;;;;;;;;;;;;;;;;;;;
D'Angelo Russell;BKN;29;58;26;32;25,5;731;249;638;39;110;360;31,4;122;145;83,4;17;139;162;296;110;58;23;116;1502;4;0;0;110,1;111,6;-1,5;30,2;2,75;26,9;1,3;9,3;5,3;9,8;47,9;52,2;22,8;99,59;9,8;3092;;;;;;;;;;;;;;;;;;;;;;;;;
Bilal Coulibaly;WAS;20;59;13;46;33;726;266;625;42,1;65;224;28,1;136;183;74,6;89;201;295;201;124;77;41;142;1611;3;1;-9,9;104,5;118,3;-13,8;15;1,59;19,4;4,3;9,8;7;12,2;47,2;51,5;17,5;103,22;7;4183;;;;;;;;;;;;;;;;;;;;;;;;;
Moses Moody;GSW;23;74;45;29;22,3;725;244;570;43,3;126;340;37,4;104;133;79,7;52;141;192;96;52;59;30;118;1310;0;0;1,8;113,2;108,9;4,3;8,4;1,78;12,4;2,9;8,4;5,6;7;54,4;57,8;17;100,74;7,6;3454;;;;;;;;;;;;;;;;;;;;;;;;;
Donte DiVincenzo;MIN;28;62;37;25;25,9;725;248;595;42,2;174;440;39,7;50;62;77,8;31;198;229;223;99;74;19;112;1507;1;0;2,8;114,2;109,1;5,1;20,3;2,27;23,8;2;11,5;6,8;10,5;56,8;58,2;18,8;100,17;10;3352;;;;;;;;;;;;;;;;;;;;;;;;;
Chris Paul;SAS;40;82;34;48;28;722;246;582;42,7;139;369;37,7;82;90;92,4;33;262;295;607;131;107;25;148;2230;12;0;0;114,2;115;-0,8;34,2;4,69;45;1,4;11;6,2;9,6;54,7;58;13,7;100,48;10,2;4817;;;;;;;;;;;;;;;;;;;;;;;;;
Nic Claxton;BKN;26;70;20;50;26,9;721;322;567;56,3;7;21;23,8;77;154;51,3;154;357;518;154;84;63;98;147;1974;13;0;-7,1;103,6;116,2;-12,6;14;1,8;17,9;8;19,8;13,7;9,9;56,8;56,9;16,6;97,38;11,5;3811;;;;;;;;;;;;;;;;;;;;;;;;;
Jonathan Kuminga;GSW;22;47;28;19;24,3;719;259;569;45,4;47;150;30,5;155;235;66,8;56;160;216;103;71;38;19;89;1241;2;0;0,2;110;108,9;1;15,1;1,46;12,2;4,5;13,4;8,8;8,3;49,5;53,5;27,1;100,21;11;2381;;;;;;;;;;;;;;;;;;;;;;;;;
T,J, McConnell;IND;33;79;49;30;17,9;719;324;624;51,9;16;47;30,6;55;79;74;47;150;190;348;111;87;24;79;1683;2;0;-0,7;111,1;113,8;-2,7;35,9;3,22;31,3;3,2;10,4;6,9;9,7;53,1;54,7;22,6;103,69;12,9;3069;;;;;;;;;;;;;;;;;;;;;;;;;
Luguentz Dort;OKC;26;71;57;14;29,2;717;256;596;43,5;170;412;41,2;36;43;71,7;92;206;291;114;50;78;36;206;1548;0;0;7,7;120,4;107,3;13,1;6,7;2,25;14,8;4,1;9,3;6,7;6,6;57,8;58,6;13,3;101,75;6,3;4383;;;;;;;;;;;;;;;;;;;;;;;;;
Dalton Knecht;LAL;24;78;47;31;19,2;710;257;554;46,1;125;343;37,6;62;86;76,2;39;179;218;62;39;23;8;94;1123;0;0;-0,9;112,2;114,9;-2,8;6,7;1,78;9,5;2,6;11,6;7,3;5,3;57,6;59,4;18,1;98,26;8,7;3063;;;;;;;;;;;;;;;;;;;;;;;;;
Corey Kispert;WAS;26;61;14;47;26,3;708;256;567;45,1;122;329;36,4;73;85;85,2;37;146;183;104;61;24;12;98;1135;0;0;-4,5;108,7;117,1;-8,5;9,4;1,61;13,4;2,1;8,4;5,3;8,3;55,8;58,4;16,9;102,68;7,4;3433;;;;;;;;;;;;;;;;;;;;;;;;;
Daniel Gafford;DAL;26;57;28;29;21,5;701;285;405;70,2;0;0;0;137;194;68,9;154;234;388;80;68;23;103;154;1596;8;0;0,6;114,9;113,4;1,5;9,7;1,21;12,7;12,7;16,8;14,9;10,4;70,2;71,6;18,6;101,73;14,1;2597;;;;;;;;;;;;;;;;;;;;;;;;;
Amir Coffey;LAC;27;72;41;31;24,3;698;238;511;47,1;101;245;40,9;115;130;89,1;29;130;158;79;43;43;7;122;1102;0;0;-0,9;109,1;110,6;-1,4;6,5;1,71;11,2;1,9;7,2;4,6;6,6;57;61,4;15;99,23;7,2;3606;;;;;;;;;;;;;;;;;;;;;;;;;
Jabari Smith Jr,;HOU;22;57;40;17;30,1;695;251;564;43,8;97;279;35,4;103;125;82,5;103;296;399;63;63;23;40;125;1402;8;0;4,4;113,4;106,1;7,3;4,8;0,98;8,1;5,5;16,2;10,7;8,2;52,5;56,2;16;100;9,3;3569;;;;;;;;;;;;;;;;;;;;;;;;;
Kyle Filipowski;UTA;21;72;13;59;21,1;691;259;518;50,2;79;223;35;94;144;65;115;331;439;137;101;50;22;173;1534;13;0;-5,1;107,7;118,9;-11,3;14;1,37;17;7;21,3;14;12,4;57,6;59,4;18,4;102,46;10,3;3248;;;;;;;;;;;;;;;;;;;;;;;;;
Jrue Holiday;BOS;34;62;47;15;30,6;688;254;570;44,3;105;304;35,3;68;74;90,9;74;186;267;242;74;68;25;99;1562;1;0;5,5;116,6;107,7;8,9;17,4;3,1;25,9;3,8;9,1;6,5;8,3;53,8;56,5;15,6;99,38;8,8;3921;;;;;;;;;;;;;;;;;;;;;;;;;
Matas Buzelis;CHI;20;80;39;41;18,9;688;256;552;45,4;96;264;36,1;88;112;81,5;56;224;280;80;72;32;72;128;1376;1;0;-0,4;110,4;112,1;-1,7;7,2;1,07;10,4;3,5;13,3;8,5;9,8;54,1;57,1;18,1;105,38;7,9;3328;;;;;;;;;;;;;;;;;;;;;;;;;
Tari Eason;HOU;24;57;36;21;24,9;684;274;559;48,7;63;182;34,2;80;103;76;125;234;365;86;63;97;51;137;1619;6;0;2,5;114,8;109,2;5,6;8,2;1,28;11;8,1;15,8;11,8;8,6;54,3;56,7;18,5;101,55;11,7;2994;;;;;;;;;;;;;;;;;;;;;;;;;
Kevin Huerter;CHI;26;69;39;30;24,3;683;255;607;42,5;131;393;33,8;35;48;71,4;28;173;207;159;69;69;21;124;1359;0;0;1,5;114,5;111,7;2,8;12,4;2,33;18,4;1,7;9,8;5,8;7,9;53,5;54,4;17,1;102,32;7,3;3581;;;;;;;;;;;;;;;;;;;;;;;;;
Royce O'Neale;PHX;32;75;33;42;24,5;683;240;570;42,3;180;443;40,6;23;23;73,1;53;293;353;165;68;68;38;150;1583;1;0;-2,1;112,1;116,4;-4,2;12,8;2,51;20,1;2,9;15,7;9,4;8;58;58,5;15,1;100,27;8,5;3840;;;;;;;;;;;;;;;;;;;;;;;;;
Bobby Portis;MIL;30;49;30;19;25,4;681;279;593;46,6;64;176;36,5;59;74;83,6;88;323;412;103;59;34;25;93;1455;11;0;1,9;114,1;110,8;3,4;12,6;1,82;13,2;7,1;23,5;15,6;7,2;52;54,2;23,4;101,2;13,1;2625;;;;;;;;;;;;;;;;;;;;;;;;;
Jalen Johnson;ATL;23;36;18;18;35,7;680;270;544;50;43;140;31,2;94;126;74,6;61;299;360;180;104;58;36;68;1552;20;1;1,5;111,8;110,2;1,6;20,3;1,71;20,5;4,6;21,6;13,2;12;54,1;56,9;21,4;106,68;13,5;2858;;;;;;;;;;;;;;;;;;;;;;;;;
Terry Rozier;MIA;31;64;27;37;25,9;678;250;634;39,1;90;307;29,5;90;109;85,2;45;192;237;166;77;38;13;70;1293;0;0;-2,2;107,3;112,3;-4,9;15,2;2,14;18,1;2,5;11,3;6,8;8,4;46,2;49,7;19,5;99,13;7,8;3437;;;;;;;;;;;;;;;;;;;;;;;;;
Grayson Allen;PHX;29;64;29;35;24,1;678;218;486;44,8;147;352;42,6;96;115;81,6;32;160;192;134;77;51;19;96;1261;1;0;-1,2;114,7;118;-3,3;12,5;1,83;18,2;2,3;10,3;6,4;10;60;63,1;16,9;100,84;8,4;3255;;;;;;;;;;;;;;;;;;;;;;;;;
Jerami Grant;POR;31;47;22;25;32,4;677;216;573;37,3;108;296;36,5;141;165;84,9;28;136;165;99;66;42;47;108;1222;0;0;-4,3;107,4;113,4;-6,1;9,9;1,55;12,5;1,5;8,8;5;8;46,7;52,3;19,2;100,41;7;3183;;;;;;;;;;;;;;;;;;;;;;;;;
Mark Williams;CHA;23;44;9;35;26,6;673;268;449;60,4;0;4;0;132;163;80,4;132;317;449;110;70;31;53;106;1558;21;0;-6,8;106,3;118,9;-12,7;15,4;1,54;15,7;10,3;25,5;17,8;10,2;60,4;64,7;21;100,77;15,6;2463;;;;;;;;;;;;;;;;;;;;;;;;;
Kentavious Caldwell-Pope;ORL;32;77;38;39;29,6;670;239;547;43,9;116;331;34,2;85;92;86,3;31;139;169;139;62;100;31;139;1417;0;0;0,1;109,1;108,6;0,5;8,6;2,19;17,7;1,4;6,4;3,8;8,1;54,3;57,4;12,1;96,52;6,5;4577;;;;;;;;;;;;;;;;;;;;;;;;;
Ochai Agbaji;TOR;25;64;19;45;27,2;666;269;531;49,8;102;256;39,9;32;51;70,8;64;179;243;96;51;58;32;128;1312;0;0;-3,3;106,4;112,2;-5,7;8,1;1,81;13,9;3,3;9,8;6,6;7,6;59,3;60,1;14,4;101,93;8,1;3691;;;;;;;;;;;;;;;;;;;;;;;;;
Yves Missi;NOP;21;73;19;54;26,8;664;270;489;54,7;0;0;0;124;204;62,3;256;343;599;102;80;37;95;146;1854;14;0;-7;107,8;120,5;-12,7;7,2;1,21;12,9;12,2;17,7;14,9;10,7;54,7;57,2;14,1;99,85;9;4069;;;;;;;;;;;;;;;;;;;;;;;;;
Paul George;PHI;35;41;15;26;32,5;664;246;570;43;94;267;35,8;78;98;81,4;25;197;217;176;107;74;21;103;1374;3;0;-2;108,3;112,2;-3,8;21,7;1,68;19,9;1,8;15,3;8,3;11,8;51,4;54,3;23,3;98,87;10,6;2757;;;;;;;;;;;;;;;;;;;;;;;;;
Keon Ellis;SAC;25;80;39;41;24,4;664;224;464;48,9;136;320;43,3;72;88;84,9;64;152;216;120;72;120;64;176;1584;0;0;0,8;116,1;113,2;3;8;1,69;17,4;3,1;7,9;5,5;10,3;63,9;66,4;12,5;99,07;7,3;3997;;;;;;;;;;;;;;;;;;;;;;;;;
Taurean Prince;MIL;31;80;46;34;27,1;656;232;512;45,7;144;336;43,9;40;48;81,3;32;256;288;152;80;80;16;168;1424;1;0;-0,3;114;114,5;-0,4;9,3;1,89;20,1;1,6;11;6,5;10,6;60;61,3;12,3;100,95;6,4;4554;;;;;;;;;;;;;;;;;;;;;;;;;
Andrew Nembhard;IND;25;65;44;21;28,9;650;247;540;45,8;52;176;29,1;111;137;79,4;33;182;215;325;111;78;13;150;1560;2;0;3,1;115,5;110,2;5,3;22,5;2,91;31,4;1,8;9,3;5,7;10,8;50,6;54,5;16,3;101,31;8,1;3967;;;;;;;;;;;;;;;;;;;;;;;;;
Walker Kessler;UTA;23;58;14;44;30;644;278;418;66,3;6;35;17,6;81;151;52;267;441;708;99;87;35;139;128;2071;28;0;-5,7;109,2;118,3;-9,1;8,3;1,13;14,6;14,5;23,5;19;13;67,1;66;13,3;100,8;12,7;3656;;;;;;;;;;;;;;;;;;;;;;;;;
Isaiah Hartenstein;OKC;27;57;49;8;27,9;638;279;479;58,1;0;17;0;80;120;67,5;165;450;610;217;97;46;63;171;1927;28;0;7,3;118,3;105,3;13;17,7;2,27;25,8;10,3;26,2;18,5;11,3;58,1;59,9;16,5;101,56;13,8;3355;;;;;;;;;;;;;;;;;;;;;;;;;
Ziaire Williams;BKN;23;63;22;41;24,5;630;214;523;41,2;101;302;34,1;101;126;82,1;63;227;290;82;69;63;25;151;1304;2;0;-5,2;106,5;116,2;-9,7;8,6;1,25;11,6;3,7;15,4;9,3;9,3;51,1;55;17,9;97,77;8,1;3128;;;;;;;;;;;;;;;;;;;;;;;;;
Cole Anthony;ORL;25;67;35;32;18,4;630;228;543;42,4;74;221;35,3;94;114;82,3;47;161;201;194;101;47;34;154;1286;0;0;-0,2;107,7;109;-1,2;25,3;1,85;21,6;3,4;13,1;8;11,6;49,4;53,1;23,8;97,7;10,5;2519;;;;;;;;;;;;;;;;;;;;;;;;;
Wendell Carter Jr,;ORL;26;68;31;37;25,9;619;224;490;46;34;156;23,4;129;177;73,7;150;340;490;136;75;54;41;197;1612;10;0;-0,2;107,8;107,8;0;11,7;1,74;17,2;8,3;20,2;14;9,9;49,8;54,4;15,9;97,19;9,9;3554;;;;;;;;;;;;;;;;;;;;;;;;;
Isaiah Collier;UTA;20;71;14;57;25,9;618;234;554;42,2;43;170;24,9;107;156;68,2;36;206;234;447;206;64;14;149;1605;11;0;-5,7;108,3;118,6;-10,4;34,2;2,14;34,9;1,7;10,4;6,1;16,3;45,9;49,4;18,6;102,44;7,7;3927;;;;;;;;;;;;;;;;;;;;;;;;;
Jeremy Sochan;SAS;22;54;21;33;25,3;616;248;470;53,5;27;92;30,8;86;124;69,6;130;227;351;130;86;43;27;130;1361;8;0;-1,6;111,9;114,5;-2,7;13,8;1,52;17,4;8,8;15,4;12,1;11,4;56,5;58,9;18,4;101,53;10,1;2880;;;;;;;;;;;;;;;;;;;;;;;;;
Draymond Green;GSW;35;68;42;26;29,2;612;218;510;42,4;82;245;32,5;102;150;68,7;75;340;415;381;177;102;68;218;2020;6;1;4;115,4;108,8;6,6;25,5;2,2;33,9;3,6;16,8;10,2;15,4;50,3;53,4;15,7;101,35;8,8;4186;;;;;;;;;;;;;;;;;;;;;;;;;
Miles McBride;NYK;24;64;39;25;24,9;608;224;544;40,6;115;314;36,9;51;64;81,3;45;115;160;186;38;64;19;109;1293;0;0;3,3;116,8;109,7;7,1;15,5;4,56;23,3;2,8;6,9;4,9;5,1;51,1;53,1;16,2;99,2;7,7;3283;;;;;;;;;;;;;;;;;;;;;;;;;
Zach Edey;MEM;23;66;35;31;21,5;607;251;436;58;20;53;34,6;92;125;70,9;231;317;548;66;86;33;86;185;1643;12;0;2,5;116,8;111,5;5,3;5,9;0,74;10,2;15,3;20,4;17,9;13,9;60;62,4;15,6;104,2;11,1;3074;;;;;;;;;;;;;;;;;;;;;;;;;
Jordan Hawkins;NOP;23;56;18;38;23,6;605;207;554;37,2;112;330;33,1;78;101;81,6;22;134;157;67;56;28;22;50;991;0;0;-5,7;106,6;118,1;-11,4;7,6;1,14;9,2;1,7;9,7;5,6;8,1;47,1;50,4;20,4;101,14;6,6;2783;;;;;;;;;;;;;;;;;;;;;;;;;
Sam Hauser;BOS;27;71;52;19;21,7;604;213;476;45,1;163;398;41,6;14;14;100;43;178;227;64;21;43;14;85;1108;0;0;4,6;119,8;109,8;10;5,7;2,78;11,3;2,7;11,3;7;4,1;62,7;63,2;14;96,4;8,3;3102;;;;;;;;;;;;;;;;;;;;;;;;;
Cam Thomas;BKN;23;25;8;17;31,2;600;200;455;43,8;68;195;34,9;133;150;88,1;15;68;83;95;63;15;3;45;828;1;0;-3,7;114,9;120,6;-5,7;21,7;1,52;14;2;8,9;5,4;9,2;51,3;57,5;32,8;96,1;12,2;1563;;;;;;;;;;;;;;;;;;;;;;;;;
Jordan Clarkson;UTA;33;37;10;27;26;599;200;492;40,8;85;233;36,2;115;144;79,7;26;93;118;137;85;30;7;52;984;0;0;-5,5;107,5;117,5;-10;23,8;1,6;17,8;2,5;9,2;5,8;11,1;49,3;54;26,9;102,16;10,2;2049;;;;;;;;;;;;;;;;;;;;;;;;;
Ausar Thompson;DET;22;59;34;25;22,5;596;248;460;53,5;12;47;22,4;89;142;64,1;112;195;301;136;83;100;41;165;1493;3;0;1,1;113,1;109,2;4;13,9;1,68;18,2;8,1;13,9;11;10,8;54,7;56,8;18,5;102,76;10,4;2822;;;;;;;;;;;;;;;;;;;;;;;;;
Kel'el Ware;MIA;21;64;28;36;22,2;595;256;467;55,4;32;109;31,5;45;64;68,7;115;358;474;58;58;38;70;109;1523;15;0;0,6;112,8;110,9;1,9;6,2;1,05;9,8;8,7;23,8;16,7;9,3;59,2;60,3;16,9;98,6;11,9;2914;;;;;;;;;;;;;;;;;;;;;;;;;
Nick Smith Jr,;CHA;21;60;14;46;22,8;594;222;570;39,1;102;306;34;42;48;93,5;12;114;126;144;84;18;6;78;948;1;0;-6,6;102,1;116,4;-14,3;16,9;1,77;17,8;0,9;8;4,3;10,1;48,2;50,2;20,5;99,74;6,4;2848;;;;;;;;;;;;;;;;;;;;;;;;;
Kyshawn George;WAS;21;68;15;53;26,5;592;204;544;37,2;116;354;32,2;68;95;75,3;48;238;286;170;95;68;48;204;1442;1;0;-5,3;105,4;115,5;-10,1;13,3;1,74;19,8;2,5;12,2;7,4;11,4;47,6;50,3;15,6;102,7;5,8;3869;;;;;;;;;;;;;;;;;;;;;;;;;
Julian Strawther;DEN;23;65;41;24;21,3;585;208;488;43,2;91;267;34,9;72;91;82,2;20;124;143;85;59;39;13;150;988;0;0;-1,1;111,9;114,4;-2,5;8,2;1,46;12,5;1,2;8,3;4,9;8,6;52,9;55,9;17,3;102,79;5,7;2964;;;;;;;;;;;;;;;;;;;;;;;;;
Davion Mitchell;MIA;26;74;25;49;27,4;585;222;474;46,8;81;215;39,8;59;81;69;37;133;170;363;126;74;15;185;1473;1;0;0;111;110,7;0,3;23,7;2,84;36,2;1,7;6,3;4,1;12,8;55,7;57,3;13,5;98,76;6,9;4164;;;;;;;;;;;;;;;;;;;;;;;;;
Bogdan Bogdanović;LAC;32;54;33;21;25;583;211;491;42,7;103;292;36,3;59;65;87,9;22;135;157;146;76;43;11;130;1075;1;0;2;112,7;110;2,7;15,2;1,97;19,7;1,7;9,8;5,7;10;53,4;55,9;18,3;101,35;7,4;2858;;;;;;;;;;;;;;;;;;;;;;;;;
Mike Conley;MIN;37;71;44;27;24,7;582;185;469;40;128;312;41;78;92;90;36;149;185;320;78;78;14;114;1484;1;0;3,7;115,5;109;6,5;24,3;4,25;35,6;1,8;8,5;5,2;8,4;53,5;57,3;14,1;97,92;9,2;3596;;;;;;;;;;;;;;;;;;;;;;;;;
Luke Kennard;MEM;28;65;37;28;22,6;579;208;429;47,8;111;260;43,3;52;59;89,5;39;143;182;215;72;52;7;59;1209;0;0;1,9;117,6;114,5;3,1;17,9;2,99;29,3;2,4;9,4;5,9;9,8;60,9;63,1;14;104,99;9,3;3228;;;;;;;;;;;;;;;;;;;;;;;;;
Jose Alvarado;NOP;27;56;19;37;24,4;577;202;521;39,2;112;308;35,9;62;73;81,1;28;106;134;258;84;73;17;90;1310;2;0;-4,1;108,4;117,1;-8,7;27,8;3,01;29;1,9;7,7;4,7;9,6;49,8;52,3;19,3;99,89;9;2849;;;;;;;;;;;;;;;;;;;;;;;;;
Deandre Ayton;POR;26;40;17;23;30,1;576;264;468;56,6;8;32;18,8;40;60;66,7;124;284;408;64;68;32;40;88;1300;20;0;-4,1;110;116,8;-6,9;8,3;0,93;10,2;9,9;24,3;16,8;11;57,3;58,3;19,7;98,94;12,5;2489;;;;;;;;;;;;;;;;;;;;;;;;;
Cason Wallace;OKC;21;68;55;13;27,6;571;231;490;47,4;75;211;35,6;27;34;81,1;68;156;231;170;61;122;34;143;1510;0;0;5,4;117,2;107,1;10,1;11,7;2,93;23,5;3,6;7,9;5,7;8;55;56,2;12,4;101,87;7,5;3967;;;;;;;;;;;;;;;;;;;;;;;;;
Johnny Juzang;UTA;24;64;15;49;19,8;570;205;474;42,9;115;314;37,6;45;51;84,9;45;141;186;70;38;38;6;128;998;0;0;-5,6;107,2;120,3;-13,1;8;1,89;11,3;3,1;10,9;7;6;55,4;57,3;17,4;102,1;7,1;2700;;;;;;;;;;;;;;;;;;;;;;;;;
Jaime Jaquez Jr,;MIA;24;66;32;34;20,7;568;211;462;46,1;40;119;31,1;106;145;75,4;86;205;290;165;99;59;13;79;1294;3;1;-2,3;107,9;113,9;-6;18,1;1,69;21,1;6;14,5;10,3;12,4;50,1;54,3;19,4;99,18;9,8;2835;;;;;;;;;;;;;;;;;;;;;;;;;
Brandon Miller;CHA;22;27;8;19;34,2;567;197;491;40,3;105;294;35,5;68;78;86,1;24;105;132;97;76;30;19;73;942;2;0;-4,6;106,9;113,8;-6,8;18,2;1,29;14;2,4;11,7;6,8;10,9;50,9;54;27;98,77;10;1903;;;;;;;;;;;;;;;;;;;;;;;;;
Patrick Williams;CHI;23;63;31;32;25;567;208;517;39,7;95;271;35,3;63;82;72,3;44;195;239;126;88;50;32;88;1191;1;0;-2,9;108,7;113,5;-4,8;10,6;1,44;16,3;2,5;11,3;7;11,3;49;51,2;16,5;105,94;6,2;3473;;;;;;;;;;;;;;;;;;;;;;;;;
Jalen Suggs;ORL;24;35;20;15;28,6;567;196;480;41;77;242;31,4;98;109;88,2;25;119;140;130;102;53;32;98;1078;0;0;0,1;105,7;104,8;1;21,6;1,26;17;2,3;12,6;7,2;13,5;48,9;53,6;26,8;99,02;10,7;2060;;;;;;;;;;;;;;;;;;;;;;;;;
Ayo Dosunmu;CHI;25;46;17;29;30,3;566;221;451;49,2;60;189;32,8;60;78;78,5;28;133;161;207;69;41;18;106;1187;1;1;-5,1;110,1;117,8;-7,7;21;3,01;27,4;1,8;9;5,4;9,1;56,1;58,5;16,3;104,63;8,4;3039;;;;;;;;;;;;;;;;;;;;;;;;;
Immanuel Quickley;TOR;25;33;12;21;27,8;564;185;439;42;86;224;37,8;112;129;86,7;17;102;116;191;59;23;3;59;1013;2;0;-1,2;109;110,7;-1,6;32;3,29;25,7;1,6;10,7;6;7,8;51,7;57;24,6;101,44;12,8;1936;;;;;;;;;;;;;;;;;;;;;;;;;
Dalano Banton;POR;25;67;28;39;16,7;556;201;509;39,1;74;221;32,4;94;127;72,8;27;107;134;161;87;40;34;60;1106;0;0;-0,8;110,2;111,8;-1,5;21,3;1,86;19,8;2,5;8,8;5,6;10,7;46,2;49,7;23,7;101,21;8,9;2353;;;;;;;;;;;;;;;;;;;;;;;;;
Peyton Watson;DEN;22;68;40;28;24,3;551;204;428;47,7;48;136;35,3;95;136;69,3;48;184;231;95;54;48;95;122;1340;0;0;-0,4;113,9;113,9;0;7,3;1,68;14,7;3;10,3;6,9;8,8;53,3;56,4;13,8;101,83;6,6;3501;;;;;;;;;;;;;;;;;;;;;;;;;
Dorian Finney-Smith;LAL;32;63;36;27;28,9;548;195;435;44,8;126;315;41,1;32;44;66,7;82;170;246;88;57;57;25;139;1166;0;0;4,9;119,1;110,3;8,8;6,6;1,61;15;4,7;8,9;6,9;9,3;59,7;60,4;12,3;98,14;6;3711;;;;;;;;;;;;;;;;;;;;;;;;;
Justin Champagnie;WAS;23;62;16;46;21,6;546;211;409;51,1;74;192;38,3;50;74;68,5;112;242;353;62;56;62;37;112;1314;8;0;-4,6;107,1;116,8;-9,7;6,6;1,11;10,8;7,7;15,9;11,9;9,7;60,1;61,4;15;102,96;10,1;2871;;;;;;;;;;;;;;;;;;;;;;;;;
Dejounte Murray;NOP;28;31;9;22;32,6;543;195;493;39,3;53;174;29,9;102;124;82,3;16;183;202;229;105;62;12;62;1243;8;1;-6,7;109;118,1;-9,1;34,7;2,15;25,9;1,5;18,3;9,4;12;44,5;49,4;26,3;102,86;11,8;2165;;;;;;;;;;;;;;;;;;;;;;;;;
Al Horford;BOS;39;60;44;16;27,6;540;198;462;42,3;114;312;36,3;36;36;89,5;78;288;372;126;48;36;54;84;1386;7;0;6,6;119,6;108,1;11,5;10,2;2,78;19,6;4,6;16,5;10,6;7;54,7;56,3;13,6;97,75;9,1;3381;;;;;;;;;;;;;;;;;;;;;;;;;
Aaron Nesmith;IND;25;45;29;16;24,9;540;194;378;50,7;86;194;43,1;72;81;91,3;36;140;180;54;36;36;18;113;954;0;0;4,4;120,1;111,5;8,5;6,3;1,46;10,8;3,4;11,8;7,8;7,4;61,7;65,3;17,1;101,64;8,7;2373;;;;;;;;;;;;;;;;;;;;;;;;;
AJ Green;MIL;25;73;44;29;22,7;540;183;423;42,9;153;365;42,7;22;29;81,5;15;153;175;110;37;37;7;161;1007;0;0;3,1;114;107,6;6,4;8,6;2,7;18,6;1,1;8,7;5,1;6,9;61,2;62,1;12,3;100,84;5,8;3487;;;;;;;;;;;;;;;;;;;;;;;;;
Jared Butler;PHI;24;60;6;54;17,4;540;204;456;44,8;60;168;35,5;78;90;82,4;24;84;108;222;78;42;12;96;1086;1;0;-2,2;108,5;114,5;-6;31,7;2,75;27,9;2,2;7,6;4,9;10,2;51,4;54,9;22,2;102,6;10,2;2232;;;;;;;;;;;;;;;;;;;;;;;;;
Tristan da Silva;ORL;24;74;35;39;22;533;200;481;41,2;81;237;33,5;52;67;87,3;74;170;244;111;59;30;15;96;1095;1;0;-1,7;106,1;110,3;-4,2;10,5;2,02;16,6;4,2;11,4;7,6;8,2;49,5;52,2;14,9;96,97;7,4;3295;;;;;;;;;;;;;;;;;;;;;;;;;
Ricky Council IV;PHI;23;73;16;57;17,1;533;175;460;38,2;58;212;25,8;124;153;80,4;51;161;212;95;51;29;15;66;1015;3;0;-2,2;109,9;116;-6,1;11,5;1,87;14,3;3,9;13;8,4;7,7;44,2;50,2;19,6;99,93;8;2602;;;;;;;;;;;;;;;;;;;;;;;;;
Jamal Shead;TOR;22;75;28;47;19,6;533;203;503;40,5;75;225;32,3;53;68;76,8;30;83;113;315;120;60;8;158;1230;1;0;-3,1;105,5;113,3;-7,8;30,7;2,7;32,8;1,9;5,7;3,7;12,1;47,6;49,9;17,9;102,18;7;3127;;;;;;;;;;;;;;;;;;;;;;;;;
Brandon Clarke;MEM;28;64;40;24;18,9;531;237;378;62,1;0;19;5,9;64;90;70,1;128;198;326;64;38;51;38;147;1248;2;0;2,8;116,5;108,2;8,2;7,2;1,61;12,7;10,2;14,8;12,6;7,9;62,2;63,8;15;105,54;10,8;2637;;;;;;;;;;;;;;;;;;;;;;;;;
Nick Richards;PHX;27;57;17;40;22;530;205;348;59,1;0;0;0;120;160;74,4;148;319;467;51;80;11;57;143;1288;16;0;-4,1;112,3;120,9;-8,7;5,8;0,6;8,9;11,8;24,3;18,1;14,8;59,1;63,4;16,9;98,62;10,7;2576;;;;;;;;;;;;;;;;;;;;;;;;;
Jaden Ivey;DET;23;30;14;16;29,9;528;189;414;46;63;153;40,9;84;117;73,3;39;84;123;120;90;27;12;66;882;0;0;-2,1;110,5;114,6;-4,1;20,7;1,34;17,7;4,3;9,1;6,7;13,2;53,6;56,9;25,6;99,52;9,9;1868;;;;;;;;;;;;;;;;;;;;;;;;;
Jalen Smith;CHI;25;64;28;36;15;525;192;410;46,6;70;224;32,4;70;90;80,9;90;269;358;64;38;19;45;96;1197;4;0;-0,6;110,3;111,5;-1,2;10,1;1,76;11,9;8,5;24,1;16,5;6,8;55,4;58,6;20,1;106,06;13,3;2122;;;;;;;;;;;;;;;;;;;;;;;;;
Tyrese Martin;BKN;26;60;16;44;21,9;522;192;468;40,6;102;282;35,1;48;60;79,3;60;162;222;120;72;36;12;78;1026;1;0;-4,3;103,2;113,4;-10,2;15;1,65;17,7;4;13,3;8,3;10,8;51,3;53,3;17,9;98,64;8,4;2711;;;;;;;;;;;;;;;;;;;;;;;;;
Ronald Holland II;DET;19;81;44;37;15,6;518;194;413;47,4;32;154;23,8;89;122;75,4;41;178;219;81;73;49;16;138;1029;0;0;-0,7;109,8;110,9;-1;9,5;1,14;13,2;3;13,6;8,3;11,6;51,7;55,6;17,7;101;7,8;2652;;;;;;;;;;;;;;;;;;;;;;;;;
Terance Mann;ATL;28;67;37;30;21,1;516;208;415;49,6;60;161;36,8;47;67;69,1;67;134;201;121;47;47;13;127;1079;0;0;-1,4;112,9;115,2;-2,3;11,8;2,57;19,8;4,7;9,4;7;7,7;56,9;58,4;14,5;100,43;7,4;2947;;;;;;;;;;;;;;;;;;;;;;;;;
Sam Merrill;CLE;29;71;54;17;19,7;511;170;426;40,6;135;369;37,2;28;28;96,6;36;121;156;107;36;50;14;121;1022;0;0;4,5;117,4;107,1;10,3;9,9;3,09;18,7;2,6;7,7;5,2;6;56,7;58,3;14;101,26;6,9;2963;;;;;;;;;;;;;;;;;;;;;;;;;
Ryan Dunn;PHX;22;74;32;42;19,1;511;207;474;43;81;266;31,1;22;37;48,7;89;178;266;59;37;44;37;163;1132;3;0;-2,3;110,4;115,1;-4,7;5,9;1,43;9,6;6,3;11,7;9;6,8;51,6;51,7;16,1;98,59;5,9;2882;;;;;;;;;;;;;;;;;;;;;;;;;
Goga Bitadze;ORL;25;70;38;32;20,4;504;210;336;61,1;0;28;10,7;84;133;63,9;168;294;462;140;70;49;98;147;1631;15;0;1,1;110,1;107,4;2,7;14,2;1,9;22,6;11,6;22,7;16,9;11,9;61,5;63,1;14,2;95,8;13,4;2855;;;;;;;;;;;;;;;;;;;;;;;;;
Josh Green;CHA;24;68;17;51;27,8;503;177;422;42,8;95;245;39,1;48;75;68,1;54;116;170;109;68;75;14;163;1074;0;0;-5,4;105,3;114,2;-8,9;8,1;1,54;17,1;2,7;6;4,3;11,1;54,3;55,9;11,5;100,08;4,3;3929;;;;;;;;;;;;;;;;;;;;;;;;;
Chris Boucher;TOR;32;50;18;32;17,2;500;180;370;49,2;70;195;36,3;70;85;78,2;70;155;225;35;30;25;25;70;940;3;0;0,1;113,3;113,5;-0,2;5,7;1,14;7;7,7;17,5;12,5;6,2;58,6;61,5;20,8;99,28;12,6;1787;;;;;;;;;;;;;;;;;;;;;;;;;
Cameron Payne;NYK;30;72;46;26;15,1;497;180;446;40,1;94;259;36,3;50;58;90,7;14;94;101;202;50;36;14;108;1044;0;0;2,8;116,6;107,5;9,1;25,1;3,9;28,1;1,3;8,1;4,7;7,2;50,6;53,2;20;100,23;8,9;2275;;;;;;;;;;;;;;;;;;;;;;;;;
Jaden Hardy;DAL;22;57;30;27;15,9;496;182;416;43,5;74;200;38,6;63;86;69,8;11;80;91;80;80;29;6;91;741;0;0;-1,1;108,3;111,6;-3,2;13,8;0,99;13,2;1;8,5;4,8;13,3;52,7;54,9;24,4;102,83;6,9;1943;;;;;;;;;;;;;;;;;;;;;;;;;
Nikola Jović;MIA;22;46;21;25;25,1;492;170;377;45,6;78;212;37,1;74;87;82,8;28;152;179;129;60;37;14;83;998;0;0;-0,4;109,6;110,7;-1,1;17,4;2,18;21,7;2,2;12,7;7,6;9,9;56;59,5;17,8;98,48;9,8;2374;;;;;;;;;;;;;;;;;;;;;;;;;
Clint Capela;ATL;31;55;27;28;21,4;490;220;391;55,9;0;0;0;50;99;53,6;176;297;468;61;50;33;55;105;1359;11;0;-1,4;108,7;111,5;-2,7;7,3;1,32;11,4;13,2;23,8;18,3;8,7;55,9;56,4;16;105,23;11,7;2575;;;;;;;;;;;;;;;;;;;;;;;;;
Haywood Highsmith;MIA;28;74;35;39;24,6;481;178;392;45,8;89;229;38,2;30;44;72,1;74;178;252;111;52;67;37;163;1206;0;0;0,8;111,8;110,4;1,4;8,4;2,07;19,5;4;9,8;6,9;9,4;57,2;58,3;11,1;97,33;5,7;3691;;;;;;;;;;;;;;;;;;;;;;;;;
Chet Holmgren;OKC;23;32;26;6;27,4;480;166;342;49;45;115;37,9;102;134;75,4;48;208;256;64;58;22;70;74;1107;11;0;9,2;121,7;105,6;16,1;9,1;1,13;12,1;5,4;20,8;13,6;10,8;55,4;59,9;21,4;103,83;12,2;1891;;;;;;;;;;;;;;;;;;;;;;;;;
Cam Whitmore;HOU;20;51;30;21;16,2;479;179;403;44,4;66;184;35,5;56;71;75;36;117;153;51;46;31;15;46;816;2;0;0;113,4;112,3;1,1;9;1,07;9,2;3,9;13,9;8,6;8,7;52,5;54,9;23,1;100,93;10,8;1729;;;;;;;;;;;;;;;;;;;;;;;;;
Kris Dunn;LAC;31;74;45;29;24,1;474;192;437;43,9;74;222;33,5;15;22;68,2;52;200;252;207;74;126;30;200;1480;0;0;3,5;113,8;106;7,8;15,3;2,84;28,7;3,1;11,1;7,2;10,1;52,5;53,1;12,6;99,24;7;3675;;;;;;;;;;;;;;;;;;;;;;;;;
Max Strus;CLE;29;50;39;11;25,5;470;165;375;44,2;115;295;38,6;30;35;82,4;55;165;215;160;55;25;10;105;1030;0;0;4,4;120,1;112,2;7,9;15,7;2,93;26,4;4,1;11,8;8,1;9;59,4;60,7;14,3;101,34;8,3;2691;;;;;;;;;;;;;;;;;;;;;;;;;
Gabe Vincent;LAL;28;72;46;26;21,2;461;166;418;40;108;310;35,3;14;22;71,4;22;72;94;101;43;50;14;151;871;0;0;0,7;111,8;110,7;1,1;9;2,39;17,2;1,3;4,5;2,9;7,2;53;53,6;13,1;100,07;3,9;3190;;;;;;;;;;;;;;;;;;;;;;;;;
Jarace Walker;IND;21;75;45;30;15,8;458;173;360;47,2;75;188;40,5;45;68;66,7;23;203;233;113;75;53;23;113;1058;0;0;-1,9;107;112,1;-5;12,9;1,41;19,1;2,1;17,8;9,8;13,5;57,6;59;16,5;103,23;8,7;2544;;;;;;;;;;;;;;;;;;;;;;;;;
Jake LaRavia;SAC;23;66;40;26;20,4;455;158;337;47,5;59;145;42,3;79;112;67,8;92;172;257;158;86;59;20;132;1175;2;0;1,9;115;111,2;3,8;15;1,84;24,9;6,3;12;9,1;13,5;56,4;59,1;14;103,86;8,1;2926;;;;;;;;;;;;;;;;;;;;;;;;;
Jusuf Nurkić;CHA;30;51;18;33;20,8;454;168;352;47,7;31;107;30,5;87;128;66,4;87;311;398;117;97;41;36;128;1229;10;0;-3,6;106,1;115,1;-9;16,7;1,19;18,6;7,7;28,5;18,1;15,7;52,3;55,5;20,2;99,79;11,6;2216;;;;;;;;;;;;;;;;;;;;;;;;;
Joel Embiid;PHI;31;19;8;11;30,2;452;141;315;44,4;23;78;29,9;148;169;88,2;36;120;156;86;63;13;17;42;800;7;1;-3;104;109,5;-5,5;28,6;1,37;15,8;6,2;20,7;13,4;11,5;48,1;58;34,2;99,95;16,9;1200;;;;;;;;;;;;;;;;;;;;;;;;;
Trendon Watford;BKN;24;44;16;28;20,7;449;163;352;46,9;31;88;33;92;123;76,2;35;123;158;114;84;26;13;97;849;1;0;-1,5;105,1;109,4;-4,4;21,1;1,39;19,1;3,8;13,2;8,4;13,8;51;55,7;22,6;97,8;10,1;1867;;;;;;;;;;;;;;;;;;;;;;;;;
Brandon Boston;NOP;23;42;8;34;23,6;449;168;382;43,6;50;139;35;67;84;78,8;29;105;134;92;50;55;8;71;882;0;0;-3,3;108,6;114,8;-6,2;14;1,77;16,3;2,6;10,7;6,5;9,2;50;53,5;19,9;99,87;8,5;2060;;;;;;;;;;;;;;;;;;;;;;;;;
Trey Lyles;SAC;29;69;34;35;19,6;449;159;373;42;83;235;34;55;83;70;83;235;317;83;41;41;21;83;1104;1;0;-1;111,8;113,8;-2;8,4;2,1;15,4;5,6;17,7;11,4;7,3;52,8;55,1;13,9;100,04;8,7;2807;;;;;;;;;;;;;;;;;;;;;;;;;
Ja'Kobe Walter;TOR;20;52;19;33;21,2;447;161;395;40,5;68;187;34,9;68;83;79,5;57;99;161;83;52;42;10;94;874;1;0;-1,6;108,6;111,1;-2,4;10,5;1,62;14,5;4,9;9,2;7;8,9;48,7;52,3;17,9;101,29;6,8;2316;;;;;;;;;;;;;;;;;;;;;;;;;
Justin Edwards;PHI;21;44;11;33;26,2;444;172;378;45,5;70;189;36,3;31;44;69,6;44;101;150;70;48;44;18;97;858;1;0;-6,4;111,6;123,2;-11,6;8,4;1,41;13,3;3,8;9,4;6,5;9,5;54,6;55,9;16,5;99,43;6,2;2391;;;;;;;;;;;;;;;;;;;;;;;;;
Simone Fontecchio;DET;29;75;38;37;16,5;443;150;375;40,2;75;225;33,5;68;83;83,3;53;165;218;68;53;30;15;98;878;0;0;0,2;110,7;109,5;1,2;7,1;1,23;12,3;4;12,7;8,3;10,1;50,4;54,4;15,2;103,26;6,8;2653;;;;;;;;;;;;;;;;;;;;;;;;;
Seth Curry;CHA;34;68;17;51;15,6;442;163;340;47,8;82;184;45,6;34;41;84,6;27;88;116;61;34;27;7;61;741;0;0;-2,5;106,2;114,1;-8;8,7;1,88;13,4;2;8,1;4,9;7,1;59,9;61,6;15,1;99,1;8,3;2194;;;;;;;;;;;;;;;;;;;;;;;;;
Jay Huff;MEM;27;64;37;27;11,7;442;160;307;51,5;83;198;40,5;45;58;78,6;32;96;128;38;32;19;58;77;832;0;0;0,4;111;110,1;0,8;7,7;1,12;9,4;3,9;12;8,1;8,4;64,8;66,6;19,4;106,71;10,8;1668;;;;;;;;;;;;;;;;;;;;;;;;;
Khris Middleton;WAS;33;37;18;19;22,8;440;159;337;47,5;48;133;36,1;70;85;85,7;15;126;137;152;56;33;7;74;903;0;0;1,1;114,1;112,6;1,5;25,1;2,68;26;1,5;13,2;7,6;9,7;54,6;58,8;20,8;104,75;11,4;1845;;;;;;;;;;;;;;;;;;;;;;;;;
Luke Kornet;BOS;29;73;53;20;18,6;438;190;277;66,8;0;0;0;66;95;69,1;190;197;387;117;29;37;73;117;1372;3;0;5,5;121,2;106,3;14,9;11,5;3,77;24,8;13,4;13,9;13,6;6,6;66,8;68,3;11,1;95,87;11,4;2717;;;;;;;;;;;;;;;;;;;;;;;;;
Donovan Clingan;POR;21;67;29;38;19,8;436;181;335;53,9;13;47;28,6;60;107;59,6;214;308;529;74;74;34;107;188;1541;8;0;0;109,9;109,7;0,2;8,1;1,07;14,6;14,4;21,8;17,9;13,7;56;57,4;13,5;101,68;10,5;2801;;;;;;;;;;;;;;;;;;;;;;;;;
Kenrich Williams;OKC;30;69;58;11;16,4;435;173;352;48,3;69;173;38,6;28;41;71,8;62;179;242;97;41;41;7;110;994;2;0;4,8;118,7;104,1;14,5;11,1;2,49;19,2;5,6;14,8;10,2;7,7;57,6;58,7;15,1;101,26;9,3;2379;;;;;;;;;;;;;;;;;;;;;;;;;
Isaiah Stewart;DET;24;72;38;34;19,9;432;173;317;55,9;14;50;32,1;65;86;75,9;130;266;396;122;65;29;101;180;1418;2;0;0,1;109,1;108,6;0,5;12;1,81;22,7;8,6;17;12,9;12,5;58,6;61,6;12,1;101,75;9,6;3036;;;;;;;;;;;;;;;;;;;;;;;;;
Thomas Bryant;IND;27;66;44;22;14,6;429;165;323;50,8;46;145;32,4;53;66;85,9;86;165;251;53;33;26;40;79;990;1;0;-0,6;109,9;113,4;-3,5;7,8;1,77;12,4;8,5;16,9;12,8;7;58,3;61,4;16,2;102,45;11;2071;;;;;;;;;;;;;;;;;;;;;;;;;
Noah Clowney;BKN;20;46;11;35;22,7;419;133;373;35,8;87;262;33,3;69;78;83,8;41;138;179;41;46;23;23;106;787;0;0;-5,7;103;115,2;-12,3;6,3;0,87;8,1;3,7;13,8;8,4;9,3;47,4;51,6;18,5;97,91;6,1;2126;;;;;;;;;;;;;;;;;;;;;;;;;
Jamison Battle;TOR;24;59;21;38;17,7;419;148;348;42,9;106;260;40,5;18;18;88,9;35;124;159;53;30;18;12;94;743;0;0;-3,1;105;113,4;-8,4;7,3;1,96;12,2;3,2;11,7;7,2;6,2;58,1;59;14,7;102,32;7,2;2222;;;;;;;;;;;;;;;;;;;;;;;;;
Jeremiah Robinson-Earl;NOP;24;66;17;49;18,8;416;158;350;45,5;53;165;34,1;46;53;83,6;112;205;317;86;53;40;7;79;1016;4;0;-5;107,2;119;-11,8;10,1;1,73;17,2;8,2;16,6;12,2;10;53,6;56,3;14;100,95;8,7;2595;;;;;;;;;;;;;;;;;;;;;;;;;
Vít Krejčí;ATL;24;57;28;29;20,2;410;143;291;49,7;91;205;43,7;34;46;71,1;23;137;154;148;51;34;29;103;958;1;0;-1,2;109,7;111,6;-1,9;17,5;2,94;28,9;1,9;11,6;6,7;9,8;65,1;66,1;13,1;102,63;8,6;2456;;;;;;;;;;;;;;;;;;;;;;;;;
Zach Collins;CHI;27;64;34;30;15,3;410;154;301;50,7;32;109;30,2;70;77;88,5;102;186;288;109;58;32;32;134;1030;4;0;-0,5;109,4;109,9;-0,4;16,2;1,85;21,9;9,6;17,7;13,6;11,8;56;60,5;16,6;102,77;10,6;2083;;;;;;;;;;;;;;;;;;;;;;;;;
Trayce Jackson-Davis;GSW;25;62;33;29;15,6;409;174;304;57,6;0;0;0;62;99;57,8;124;186;310;105;43;25;37;74;1073;4;0;-1;107,8;111,3;-3,5;16,3;2,31;21,1;11,5;19,2;15,2;9,1;57,6;58,7;16,4;101,53;12;2050;;;;;;;;;;;;;;;;;;;;;;;;;
Moussa Diabaté;CHA;23;71;15;56;17,5;405;170;277;59,6;0;7;0;71;114;59,5;185;249;440;57;64;43;43;107;1207;7;0;-1,7;106,9;110,3;-3,4;6,9;0,92;12,5;13,5;20,9;16,9;13,6;59,6;60,9;13;97,32;11,5;2498;;;;;;;;;;;;;;;;;;;;;;;;;
Gary Payton II;GSW;32;62;36;26;15;403;174;298;57,4;31;93;32,6;25;37;71,1;56;130;186;81;37;50;19;105;918;0;0;0,7;113,5;110,1;3,4;13,2;2,13;19,1;5,6;13,4;9,6;9;62,6;63,5;15,6;102,12;10,4;1963;;;;;;;;;;;;;;;;;;;;;;;;;
Brandon Ingram;TOR;27;18;5;13;33,1;400;155;333;46,5;43;115;37,4;47;56;85,5;16;83;101;94;68;16;11;45;671;0;0;-7,1;107;117,7;-10,7;28;1,35;18;2,7;14;8,3;13,3;53;56;30,5;97,49;12,2;1209;;;;;;;;;;;;;;;;;;;;;;;;;
Day'Ron Sharpe;BKN;23;50;14;36;18,1;395;165;315;52,1;10;45;24,4;55;75;75,7;150;180;330;90;65;40;40;115;1115;4;0;1,3;109,2;107,1;2,1;15,8;1,44;18,1;14,9;20,2;17,4;12,5;53,8;56,8;18,6;97,35;13,4;1852;;;;;;;;;;;;;;;;;;;;;;;;;
Jonathan Mogbo;TOR;23;63;18;45;20,4;391;158;359;43,8;19;69;24,3;63;82;73,2;107;202;309;145;69;57;32;139;1178;3;1;-3,8;103,7;111,9;-8,2;16;2,09;24,1;7,6;15,7;11,4;11,5;46,2;49,6;14,5;102,69;8,3;2743;;;;;;;;;;;;;;;;;;;;;;;;;
Moritz Wagner;ORL;28;30;18;12;18,8;387;141;249;56,2;27;75;36;78;111;71,8;39;108;147;42;48;24;12;54;687;1;0;-0,6;106,1;107;-0,9;13,5;0,86;10,9;6,7;20,1;13,1;12,7;61,6;64,9;25,4;99,97;16,5;1172;;;;;;;;;;;;;;;;;;;;;;;;;
Sandro Mamukelashvili;SAS;26;61;23;38;11,2;384;140;281;50,2;61;159;37,3;43;61;74,1;61;122;189;49;24;18;18;61;769;2;0;-0,5;111,6;112,9;-1,4;10,8;1,85;12,6;8,6;17,6;13,1;6,8;60,9;62,8;20,2;102,07;12,4;1445;;;;;;;;;;;;;;;;;;;;;;;;;
Kelly Olynyk;NOP;34;44;12;32;20,2;383;132;268;50;35;79;41,8;84;110;76,9;62;145;207;128;75;35;18;123;902;2;0;-1,3;110,7;113,4;-2,7;20;1,68;24,4;6,9;15,4;11,2;14,5;56,2;60,9;18,5;100,28;9,8;1858;;;;;;;;;;;;;;;;;;;;;;;;;
Alex Caruso;OKC;31;54;44;10;19,3;383;140;313;44,6;59;167;35,3;43;49;82,4;38;119;157;135;38;86;32;103;1091;0;0;5,9;117,5;102,5;15;17,1;3,7;26,9;3,5;10,8;7,2;7,3;54,1;56,8;14,7;102,7;10,1;2221;;;;;;;;;;;;;;;;;;;;;;;;;
Jonathan Isaac;ORL;27;71;35;36;15,4;383;135;327;41,4;36;149;25,8;71;107;68,2;121;192;312;43;36;64;78;92;1207;2;0;-0,5;105,9;106,6;-0,7;5,6;1,21;9;10;18,8;14,1;7,4;47,4;51,2;15,5;98,62;10,8;2229;;;;;;;;;;;;;;;;;;;;;;;;;
Jaxson Hayes;LAL;25;56;38;18;19,5;381;162;224;72,2;0;6;0;62;101;62,2;78;190;269;56;45;34;50;134;997;2;0;1,6;112,3;109,8;2,5;7,6;1,35;15,8;7,4;16,3;12,1;11,7;72,2;72;12;100,51;9,7;2301;;;;;;;;;;;;;;;;;;;;;;;;;
Talen Horton-Tucker;CHI;24;58;26;32;12,5;377;133;290;45,7;41;122;33,6;70;99;73,5;17;81;99;81;41;23;12;58;679;0;0;0,3;111,4;109,8;1,7;16,2;2,08;18,1;2,5;9,7;6,3;8,7;52,7;56,7;20,8;106,82;9;1607;;;;;;;;;;;;;;;;;;;;;;;;;
Marcus Sasser;DET;24;57;30;27;14,2;376;137;296;46,3;57;154;38,2;46;51;84,3;17;51;68;131;51;34;6;74;724;1;0;0,7;110,4;107,5;2,9;23,9;2,46;26,4;2,1;6;4;10,7;56,1;58,9;18,7;102;9,5;1719;;;;;;;;;;;;;;;;;;;;;;;;;
Precious Achiuwa;NYK;25;57;36;21;20,5;376;165;325;50,2;11;34;27,8;40;68;59,4;103;217;319;57;46;46;40;80;1066;3;0;-0,8;110,2;111,4;-1,2;6,5;1,22;12,1;8,4;18,8;13,5;9,9;51,7;53;14,3;100,16;9,2;2432;;;;;;;;;;;;;;;;;;;;;;;;;
Julian Phillips;CHI;21;79;37;42;14,2;363;126;284;44,6;47;150;32,7;63;79;78,9;63;103;166;40;24;40;24;111;774;0;0;0,4;112,9;111,1;1,8;4,5;1,44;10,1;5,6;8,2;7;7;53,3;57,1;12,6;104;5,5;2427;;;;;;;;;;;;;;;;;;;;;;;;;
Kyle Anderson;MIA;31;61;30;31;16,4;360;140;305;46,9;24;67;35,7;49;67;73,8;55;153;207;146;37;43;31;79;1007;2;0;-0,4;106,1;107,6;-1,5;21,1;3,92;28,3;4,9;14,8;9,7;7,2;51;53,8;15,2;100,06;10,8;2093;;;;;;;;;;;;;;;;;;;;;;;;;
Cody Martin;PHX;29;53;16;37;22,1;360;138;323;41,8;42;148;28,5;42;64;70,5;53;170;223;106;53;58;32;95;996;0;0;-2;108,1;111,3;-3,2;12,8;2,06;20,6;4,1;13,6;8,8;10;48,5;50,9;14,2;101,2;8;2462;;;;;;;;;;;;;;;;;;;;;;;;;
Alec Burks;MIA;33;49;26;23;17,6;358;113;270;42,4;88;206;42,5;39;49;77,6;15;108;123;54;29;29;5;39;662;0;0;2,2;113,5;107,6;5,9;9;1,9;14,7;1,8;11,9;7;7,8;58,7;60,8;16;98,03;8,8;1766;;;;;;;;;;;;;;;;;;;;;;;;;
Caleb Martin;DAL;29;45;17;28;27,1;356;131;306;42,4;36;104;35,9;63;99;62,2;54;126;176;95;54;45;23;86;864;1;0;-3,4;106,5;112,8;-6,3;11,6;1,7;19;4,2;10,5;7,3;11,2;48,5;51,3;14,3;98,64;6,3;2504;;;;;;;;;;;;;;;;;;;;;;;;;
Tidjane Salaün;CHA;19;60;12;48;20,7;354;114;348;33;60;204;28,3;66;96;71,3;72;210;282;72;60;30;12;84;870;2;0;-5,4;99,4;111,2;-11,9;9,2;1,28;14,2;5;16,8;10,6;11,2;41,4;45,7;15;98,5;6,5;2545;;;;;;;;;;;;;;;;;;;;;;;;;
Garrison Mathews;ATL;28;47;21;26;17,6;353;103;259;39,7;85;216;39;66;80;82,1;14;75;89;61;33;28;14;80;639;0;0;-1,3;107,9;111,4;-3,5;10,2;1,94;16;1,5;8,5;4,9;8,2;56,2;60,6;15,3;105,43;6,8;1824;;;;;;;;;;;;;;;;;;;;;;;;;
Jared McCain;PHI;21;23;7;16;25,7;352;127;274;46;51;133;38,3;48;55;87,5;14;44;55;60;37;16;0;37;518;1;0;-1,2;109,3;111,4;-2,1;17,1;1,62;15,2;2,2;7,6;4,8;9,3;55,3;58,9;24,3;98,18;10,6;1210;;;;;;;;;;;;;;;;;;;;;;;;;
Javonte Green;CLE;31;68;24;44;18,5;347;122;286;42,9;48;143;32,6;54;75;72,4;61;156;218;54;34;68;34;95;952;0;0;-3,1;109,1;117;-7,8;5,9;1,75;13,8;4,2;12,2;8,1;7,9;50,9;54,1;11,3;101,97;6,4;2671;;;;;;;;;;;;;;;;;;;;;;;;;
Ryan Rollins;MIL;22;56;30;26;14,6;347;134;269;48,7;50;118;40,8;34;45;80;22;90;106;106;50;45;17;90;756;1;0;1,5;114;108,6;5,4;17,3;1,96;23,3;2,7;9,8;6,5;11,9;57,7;60;17,9;101,74;8,8;1732;;;;;;;;;;;;;;;;;;;;;;;;;
Kevon Looney;GSW;29;76;45;31;15;342;144;281;51,4;0;8;40;53;99;56,6;182;274;464;122;38;46;38;152;1284;2;0;1,5;112,5;106,9;5,6;14,3;3,03;24,7;13,9;22,7;18,1;8,2;51,8;53,5;12,5;100,61;11,4;2386;;;;;;;;;;;;;;;;;;;;;;;;;
Aaron Holiday;HOU;28;62;39;23;12,8;341;118;267;43,7;74;180;39,8;31;43;82,9;12;62;81;81;37;19;12;62;614;0;0;1,4;110,3;103,6;6,7;14,2;2,24;20,5;1,5;7,3;4,4;9,1;57,1;59,4;16,2;103,09;8,2;1689;;;;;;;;;;;;;;;;;;;;;;;;;
Quinten Post;GSW;25;42;26;16;16,3;340;122;273;44,9;71;181;40,8;21;25;77,8;34;113;147;55;34;17;17;84;672;0;0;1;111,5;109,1;2,4;13,1;1,7;14,9;4,9;16,6;10,6;8,8;58,2;59,5;19,7;100,02;9,5;1433;;;;;;;;;;;;;;;;;;;;;;;;;
Bruce Brown;NOP;28;41;15;26;22,5;340;131;308;42,1;29;82;33,3;53;66;81,5;41;123;164;82;41;33;8;70;754;0;0;-5,5;104,8;116,8;-11,9;13,3;2,15;18,3;4;13,4;8,5;8,5;46,4;50,4;16,9;100,19;7,8;1925;;;;;;;;;;;;;;;;;;;;;;;;;
Isaac Okoro;CLE;24;55;44;11;19,1;336;127;270;46,4;55;149;37,1;33;44;71,7;50;83;132;66;22;33;17;105;715;0;0;4,6;122,1;109,7;12,5;7,8;2,96;17,9;4,7;7,2;6;6,1;56,9;58,7;12,4;100,08;5,7;2187;;;;;;;;;;;;;;;;;;;;;;;;;
Adem Bona;PHI;22;58;12;46;15,6;336;133;191;70,3;0;0;0;70;99;67;93;151;244;29;64;23;70;128;893;3;0;-1,9;107,4;114;-6,6;4,3;0,44;8,4;9,7;16,4;13;18,9;70,3;71,4;13,5;100,51;9,3;1900;;;;;;;;;;;;;;;;;;;;;;;;;
Ben Sheppard;IND;23;63;40;23;19,5;334;120;290;41,8;69;202;34,2;25;25;88,9;44;132;176;82;19;38;13;126;806;0;0;-0,9;111,2;113,4;-2,2;8,7;3,86;21;3,5;10,6;7;5,4;53,7;55,5;10,8;102,92;5,5;2636;;;;;;;;;;;;;;;;;;;;;;;;;
Svi Mykhailiuk;UTA;28;38;6;32;20;334;118;300;39,1;68;201;34,5;27;34;80;23;68;91;76;53;19;8;42;581;0;0;-2,8;110,3;117,7;-7,4;14,4;1,46;17,1;2,6;8,5;5,5;11,7;50,7;52,6;19,8;101,83;6,7;1619;;;;;;;;;;;;;;;;;;;;;;;;;
Mason Plumlee;PHX;35;74;33;41;17,6;333;126;200;61,9;0;7;0;81;126;64,8;118;340;451;133;59;30;44;155;1258;2;0;0,7;115,2;115;0,2;13,3;2,27;29,5;9,4;25,3;17,6;13;61,9;64,5;10,5;100,08;9,8;2732;;;;;;;;;;;;;;;;;;;;;;;;;
Tre Jones;CHI;25;46;21;25;19,7;331;129;239;53,8;18;46;39,6;55;69;82,1;32;83;115;193;37;37;9;55;865;1;0;-0,7;112;113,5;-1,5;28,9;5,49;38,9;3,2;8,6;5,9;7,1;57,8;61,7;13,6;103,35;11;1948;;;;;;;;;;;;;;;;;;;;;;;;;
Dalen Terry;CHI;22;73;33;40;13,5;329;117;270;44,8;37;102;35,6;51;66;71;37;88;124;95;51;44;15;117;745;0;0;-2,4;104;111,6;-7,6;13,6;1,83;21,6;3,4;8;5,7;11,8;51,7;54,6;14,2;106,51;5,6;2188;;;;;;;;;;;;;;;;;;;;;;;;;
Tristan Vukcevic;WAS;22;35;7;28;14,6;329;119;242;49,6;39;102;37,3;53;67;77,6;25;105;130;39;42;11;25;56;606;1;0;-3,6;102,6;114,3;-11,7;13,6;0,93;11,1;4,6;18,6;11,6;12;57,4;60,8;25,2;102,79;12,7;1099;;;;;;;;;;;;;;;;;;;;;;;;;
Karlo Matković;NOP;24;42;12;30;18,8;323;134;235;57,4;21;67;31,8;34;42;77,3;63;147;210;46;42;21;42;105;790;4;0;-2,1;109,4;114,1;-4,7;8,3;1,07;13,5;7,9;17,7;12,9;12,6;61,9;63,9;15,5;101,91;9,6;1674;;;;;;;;;;;;;;;;;;;;;;;;;
Dean Wade;CLE;28;59;47;12;21,2;319;112;271;41,3;83;224;36;18;30;53,3;53;201;248;77;24;41;18;100;897;1;0;4,8;120;109,4;10,7;7,3;3,45;20,1;4,1;15;9,7;5,8;56,1;56,3;10,1;101,1;6,7;2639;;;;;;;;;;;;;;;;;;;;;;;;;
DaQuan Jeffries;CHA;27;47;9;38;22,8;315;118;291;40,5;56;165;33,5;24;28;80;38;99;136;52;33;28;24;99;677;0;0;-5,9;106,6;118,2;-11,6;7,3;1,51;13,5;3,3;8,7;6;8,9;50;51,8;13,6;98,04;4,6;2179;;;;;;;;;;;;;;;;;;;;;;;;;
Shake Milton;LAL;28;57;29;28;14,7;314;114;257;45,3;40;108;35,8;46;57;79,7;29;74;103;103;40;23;6;68;638;1;0;-2,1;106,2;113,1;-6,9;18,4;2,55;24,2;3,6;8,6;6,1;9,5;52,8;56,3;16,2;98,81;8,1;1722;;;;;;;;;;;;;;;;;;;;;;;;;
Dereck Lively II;DAL;21;36;21;15;23,1;313;133;191;70,2;0;0;0;47;72;63;104;166;270;86;40;22;58;101;954;8;0;3,4;114,1;106,4;7,7;14,3;2,07;24,3;12,2;18,6;15,5;11,7;70,2;70,4;13,2;100,99;12,4;1746;;;;;;;;;;;;;;;;;;;;;;;;;
Nicolas Batum;LAC;36;78;47;31;17,5;312;101;242;43,7;86;203;43,3;16;23;81;47;172;218;86;31;55;39;109;928;0;0;1,9;110,5;104,7;5,9;8,2;2,47;23;3,4;11,7;7,7;9,3;62,2;63,3;8,7;100,22;6,9;2848;;;;;;;;;;;;;;;;;;;;;;;;;
Jabari Walker;POR;22;60;23;37;12,5;312;120;228;51,5;30;72;38,9;48;72;69;60;150;210;36;36;36;6;90;702;1;0;0,3;108,1;107,6;0,5;7,1;1,09;11,2;7,2;19,8;13,3;10,3;57,6;60,1;15,6;103,86;10,7;1624;;;;;;;;;;;;;;;;;;;;;;;;;
Neemias Queta;BOS;25;62;46;16;13,9;310;130;205;65;0;0;0;43;62;75,4;87;149;236;43;37;19;43;105;800;0;0;2,5;117,4;108,3;9,1;7,6;1,13;14,2;10,5;16,8;13,7;12,7;65;67,4;13,6;95,52;10,2;1717;;;;;;;;;;;;;;;;;;;;;;;;;
Marcus Smart;WAS;31;34;17;17;20;306;102;258;39,3;48;139;34,8;54;71;76,1;17;54;71;109;54;37;10;54;646;0;0;1,2;109,9;107,3;2,6;22,1;2,02;24,1;2,4;6,9;4,7;11,9;48,8;52,9;19,8;107,13;8,6;1520;;;;;;;;;;;;;;;;;;;;;;;;;
Malcolm Brogdon;WAS;32;24;6;18;23,5;305;103;240;43,3;17;55;28,6;82;91;88;22;70;91;98;38;12;5;31;578;2;0;-5;106,5;116,9;-10,4;26,7;2,58;23,5;3,6;11,9;7,7;9,1;46,7;54,4;23,1;103,18;11,3;1215;;;;;;;;;;;;;;;;;;;;;;;;;
Antonio Reeves;NOP;22;44;6;38;15;304;114;246;45,6;53;128;39,5;26;35;80;18;44;62;40;31;22;4;40;484;0;0;-3,4;107,3;117,5;-10,2;8,9;1,3;11,8;2,6;7;4,7;9,1;55,8;57,9;18,3;101,12;7,2;1386;;;;;;;;;;;;;;;;;;;;;;;;;
Orlando Robinson;TOR;24;44;23;21;17,5;304;114;260;44,4;18;53;32,7;53;70;77,1;88;132;220;79;48;18;18;101;730;4;0;-2;104,5;109,2;-4,8;15,2;1,57;18,3;9,7;16,1;12,7;11,6;47,7;51,9;17,7;102,45;8,8;1639;;;;;;;;;;;;;;;;;;;;;;;;;
Andre Drummond;PHI;31;40;12;28;18,8;292;116;236;50;4;20;15;56;92;62,2;108;200;312;36;56;40;20;96;832;5;0;-6,1;103,4;118,9;-15,5;7;0,62;9,4;13,4;28,8;20,5;15,2;50,6;53,5;18,3;98,83;10,9;1543;;;;;;;;;;;;;;;;;;;;;;;;;
Kris Murray;POR;24;69;31;38;15,1;290;117;276;41,9;28;117;22,5;28;55;45,6;76;104;179;69;41;35;14;69;718;1;0;-0,7;106;107,8;-1,8;9;1,58;16,3;6,6;9,6;8,1;10,3;46,8;47,2;13,3;102,7;6,1;2221;;;;;;;;;;;;;;;;;;;;;;;;;
Jeff Dowtin Jr,;PHI;28;41;10;31;15,1;287;111;230;48,7;29;70;40;33;45;73,3;12;49;62;78;16;25;12;29;566;0;0;-2,5;107,6;116,7;-9,2;19,6;5,2;22,8;1,8;7,9;4,7;4,4;54,8;57;17,6;99,32;10,6;1291;;;;;;;;;;;;;;;;;;;;;;;;;
Landry Shamet;NYK;28;50;30;20;15,2;285;105;230;46,1;60;155;39,7;10;20;66,7;10;50;60;25;20;25;0;50;455;0;0;1,8;111,6;106,5;5,1;4,9;1,23;9,4;1,4;6,4;3,9;7,7;59,6;60,1;14,3;99,55;6,2;1583;;;;;;;;;;;;;;;;;;;;;;;;;
Josh Okogie;CHA;26;40;11;29;15,6;284;96;212;44,3;32;92;34,8;64;84;74,1;44;68;112;32;32;48;20;48;636;1;0;-0,3;108,8;109,3;-0,5;8,2;1,06;10,5;6,6;10,8;8,6;9,9;51,9;56,7;18,5;98,69;10;1282;;;;;;;;;;;;;;;;;;;;;;;;;
KJ Simpson;CHA;22;36;3;33;23,4;281;104;302;34,6;32;130;25,4;40;50;82;40;68;108;112;58;32;7;58;644;0;0;-7,7;101;116,4;-15,4;21;2;22,8;4,2;8,1;6;11,4;40;43,7;18,8;99,1;6;1734;;;;;;;;;;;;;;;;;;;;;;;;;
Drew Eubanks;LAC;28;61;25;36;12,2;281;116;195;59,3;0;6;50;49;73;66,2;61;165;226;55;43;12;37;61;744;0;0;-2,1;106,7;114,8;-8,1;11;1,32;16,7;7,8;21,1;14,5;12,7;60,1;62,2;14,9;102,72;11,1;1598;;;;;;;;;;;;;;;;;;;;;;;;;
Jaylin Williams;OKC;22;47;40;7;16,7;277;99;221;43,9;61;155;39,9;24;28;76,7;47;216;263;122;33;24;28;80;888;4;3;6,4;121;103;17,9;19;3,43;30,9;5,9;25,1;15,8;9;57,7;59,4;14,1;102,7;12,4;1678;;;;;;;;;;;;;;;;;;;;;;;;;
KJ Martin;UTA;24;43;11;32;21,2;275;112;202;55,2;13;56;25,9;39;47;78,7;30;95;125;47;26;17;22;99;589;0;0;-3,3;109,3;117,4;-8,1;7,4;2;16,4;3,2;10,3;6,7;8,2;59;61,8;11,2;100,63;6,1;1917;;;;;;;;;;;;;;;;;;;;;;;;;
Brandon Williams;DAL;25;33;15;18;14,8;274;99;188;52,1;23;59;40;56;66;83,3;13;46;59;76;40;23;7;33;508;0;0;0,3;109,5;108,8;0,7;22,8;1,95;22,9;2,5;9,1;5,9;11,7;58,5;63,4;21,8;104,74;11,9;1064;;;;;;;;;;;;;;;;;;;;;;;;;
Vasilije Micić;PHX;31;41;8;33;19,1;271;94;275;34,8;45;123;36;33;41;82,9;21;70;90;127;78;16;0;45;537;1;0;-3;102,2;109,4;-7,2;25,8;1,66;25,9;2,3;8,5;5,3;15,6;43;46,2;19,9;97,45;6,1;1590;;;;;;;;;;;;;;;;;;;;;;;;;
Jett Howard;ORL;21;60;29;31;11,7;270;96;264;37,4;54;186;29,6;18;24;69,6;18;48;72;42;36;12;12;66;456;0;0;-1,4;103;108,7;-5,7;10,2;1,22;12,5;2,6;7,4;4,8;10,2;47,9;49,1;18,1;99,92;4,5;1458;;;;;;;;;;;;;;;;;;;;;;;;;
Tosan Evbuomwan;BKN;24;28;8;20;23,7;266;95;221;42,7;25;78;31,2;56;73;75,3;31;87;120;56;39;25;11;56;557;0;0;-2,4;103,4;108,4;-5;13,2;1,41;15,9;4,4;13,6;8,7;11,2;48,2;53;18,3;97,96;8,7;1358;;;;;;;;;;;;;;;;;;;;;;;;;
Lonzo Ball;CHI;27;35;16;19;22,2;266;88;242;36,6;67;196;34,4;21;28;81,5;25;95;119;116;42;46;18;56;732;0;0;2,9;113,5;108;5,5;18,7;2,8;28;2,9;10,6;6,8;10;50,4;52,4;15,2;105,6;7,8;1712;;;;;;;;;;;;;;;;;;;;;;;;;
Eric Gordon;PHI;36;39;12;27;19,7;265;86;203;42,6;55;137;40,9;35;47;75;8;39;47;66;27;27;12;31;503;0;0;-1,8;111;116,4;-5,4;11,8;2,32;20,5;1,1;5,2;3,1;8,8;56,4;59,1;14;99,62;6,7;1601;;;;;;;;;;;;;;;;;;;;;;;;;
Oso Ighodaro;PHX;22;61;25;36;17,1;256;116;189;60,4;0;0;0;31;49;58;67;159;220;73;37;31;31;104;763;0;0;-0,3;109,4;110;-0,6;9,5;1,82;22,3;6,3;14,3;10,4;12,2;60,4;61;10,3;99,05;7,3;2154;;;;;;;;;;;;;;;;;;;;;;;;;
Lindy Waters III;DET;27;52;27;25;15;255;94;250;36,9;62;187;34,4;10;10;72,7;21;88;109;52;21;26;10;62;562;0;0;0,3;111,6;110,2;1,4;9,2;2,6;16;2,3;11,6;6,7;6,2;49,8;50,4;14,5;99,37;6,1;1607;;;;;;;;;;;;;;;;;;;;;;;;;
Ben Simmons;LAC;28;51;26;25;22;255;117;224;52;0;0;0;26;31;72,7;46;194;240;286;102;36;26;107;1056;1;0;-1,1;111,7;113,5;-1,8;35,8;2,79;45,7;4,3;18,4;11,3;16,3;52;53,9;13,3;98,17;10,3;2283;;;;;;;;;;;;;;;;;;;;;;;;;
Pelle Larsson;MIA;24;55;24;31;14,2;253;88;204;43,8;33;94;33,7;39;61;67,2;28;66;94;66;22;33;6;94;550;0;0;0,2;111,1;108,7;2,4;11,6;2,71;20,4;3,6;8,1;5,8;7,5;51,7;54,6;14,1;98,71;5,5;1595;;;;;;;;;;;;;;;;;;;;;;;;;
Lonnie Walker IV;PHI;26;20;3;17;23,8;248;90;212;42;46;128;35,4;24;30;80;6;58;64;50;26;10;6;28;418;1;0;-7,1;104,7;118,7;-14,1;16,7;2;16,7;1,2;11,7;6,3;8,4;52,6;54,8;21,4;101,6;9,1;1009;;;;;;;;;;;;;;;;;;;;;;;;;
Bol Bol;PHX;25;36;10;26;12,5;245;97;184;52,5;32;94;34,4;22;25;76,9;22;83;104;22;22;11;25;22;482;1;0;-1;112,1;115,9;-3,9;7,1;1,1;9,3;4,7;16,8;11,3;8,4;61,2;62,7;20,4;102,75;11,4;960;;;;;;;;;;;;;;;;;;;;;;;;;
Caleb Houstan;ORL;22;58;29;29;13,6;238;81;191;42,1;64;162;40;17;17;88,2;17;58;75;35;12;23;6;64;452;0;0;-1,1;104,2;108,2;-4,1;6,6;2,69;14,3;2,3;7,3;4,7;5,3;58,9;60,5;11,5;96,82;6,1;1589;;;;;;;;;;;;;;;;;;;;;;;;;
A,J, Lawson;TOR;24;26;14;12;18,7;237;81;190;42,1;34;101;32,7;44;62;68,3;21;65;86;31;16;13;5;44;429;2;0;-0,7;109,7;111,1;-1,4;9,3;2,07;11,7;3,6;12,8;8;5,7;50,8;54,2;18,9;103,71;8,2;1050;;;;;;;;;;;;;;;;;;;;;;;;;
Malaki Branham;SAS;22;47;18;29;9,1;235;89;188;45,8;33;85;40,5;28;33;81,8;5;42;52;38;33;9;0;28;357;0;0;-0,7;106,1;109,8;-3,7;13,9;1,12;13,7;1,6;9,3;5,7;12,3;54,7;57,5;23,3;103,25;8,7;918;;;;;;;;;;;;;;;;;;;;;;;;;
Ajay Mitchell;OKC;22;36;31;5;16,6;234;90;184;49,5;22;61;38,3;29;36;82,9;18;50;68;65;29;25;4;68;468;1;0;3,5;110;100,2;9,7;15,3;2,21;22,1;2,8;8;5,3;10;55,7;58,7;15,9;100,63;8,2;1254;;;;;;;;;;;;;;;;;;;;;;;;;
Monté Morris;PHX;29;45;21;24;12,7;234;81;194;42,6;32;86;36;36;41;85,7;14;54;68;72;23;18;5;23;473;0;0;1;111,1;108,3;2,8;18,8;3,48;23,6;2,1;8,8;5,6;6,8;50,5;54,6;17,3;99,99;9,6;1195;;;;;;;;;;;;;;;;;;;;;;;;;
Gui Santos;GSW;22;56;36;20;13,6;230;84;179;45,8;34;101;33;28;45;69;73;101;174;78;45;22;11;90;616;0;0;2,9;117,8;107,3;10,6;13,8;1,9;25,1;8,5;12,7;10,6;13,2;55,3;57,5;12,6;99,78;7,3;1582;;;;;;;;;;;;;;;;;;;;;;;;;
Cody Williams;UTA;20;50;9;41;21,2;230;85;255;32,3;35;135;25,9;30;40;72,5;25;85;115;60;45;25;15;95;525;0;0;-6,8;103;118,5;-15,5;7,8;1,34;15,6;2,4;7,5;4,9;11,6;39,1;41,9;12,2;103,19;2,1;2284;;;;;;;;;;;;;;;;;;;;;;;;;
Reed Sheppard;HOU;20;52;30;22;12,6;229;83;239;35,1;47;140;33,8;16;16;81,3;16;62;78;73;36;36;16;52;556;0;0;-1;108,5;111,1;-2,7;15,3;2,03;20,9;2,2;8,6;5,4;10,3;45,2;46,5;17,1;104,93;6;1425;;;;;;;;;;;;;;;;;;;;;;;;;
Richaun Holmes;WAS;31;31;9;22;17,2;229;90;140;64,7;0;3;0;50;59;83,3;62;115;177;43;22;9;22;50;580;3;0;-1,2;110,2;114,5;-4,3;11,2;2;18,5;11,3;20,8;16,1;9,3;64,7;69,5;14,3;100,78;13,5;1127;;;;;;;;;;;;;;;;;;;;;;;;;
Andre Jackson Jr,;MIL;23;67;39;28;14,6;228;94;194;47,7;27;74;39,5;13;27;50;67;114;181;80;60;34;13;114;657;0;0;-0,5;110,6;112,1;-1,5;10,9;1,43;23,8;6,6;11,4;9,1;16,6;55,3;55,4;11,5;101,48;5,1;2071;;;;;;;;;;;;;;;;;;;;;;;;;
Steven Adams;HOU;31;58;38;20;13,7;226;93;168;54,5;0;0;0;41;93;46,2;168;162;325;64;52;23;29;58;812;3;0;3;115,3;105,9;9,4;10,7;1,22;20,1;18,1;19,3;18,7;16,4;54,5;54,1;12,7;99,77;10,9;1658;;;;;;;;;;;;;;;;;;;;;;;;;
Rob Dillingham;MIN;20;49;30;19;10,5;221;93;211;44,1;25;74;33,8;10;15;53,3;10;39;49;98;54;20;0;39;436;0;0;0,4;112,3;111,1;1,2;28,3;1,85;26,6;2,2;7;4,6;14,4;50;50,3;21,5;101,82;7,8;1097;;;;;;;;;;;;;;;;;;;;;;;;;
AJ Johnson;WAS;20;29;8;21;22;220;81;212;38,5;23;90;26,7;32;38;86,5;9;52;58;75;35;12;3;49;415;0;0;-5,2;104,1;115,6;-11,5;17,8;2,17;22,3;1,1;7,3;4,2;10,3;44,1;48;17,3;100,83;5,3;1342;;;;;;;;;;;;;;;;;;;;;;;;;
Pat Connaughton;MIL;32;41;19;22;14,7;217;82;176;46,9;25;82;32,1;25;33;77,4;21;90;111;70;25;8;12;45;488;1;0;-0,3;111,7;114,6;-2,9;15,9;2,92;24,7;3,2;14;8,8;8,5;54,2;56,7;15,1;99,41;8,8;1259;;;;;;;;;;;;;;;;;;;;;;;;;
Blake Wesley;SAS;22;58;23;35;11,8;215;81;186;43,5;17;58;29,3;41;64;62,3;17;46;64;116;52;35;6;46;534;0;0;-0,2;110,2;109,7;0,5;22,5;2,11;29,8;2,5;6,2;4,4;14,1;48,1;51;16,5;101,92;6,6;1443;;;;;;;;;;;;;;;;;;;;;;;;;
GG Jackson;MEM;20;29;19;10;15,8;209;75;200;37,2;32;96;33,7;29;41;72,5;26;64;93;29;32;12;6;29;383;0;0;-2,3;112,7;118,6;-5,9;8,5;0,94;10,5;5,5;13;9,3;11,2;45,2;48,2;21,9;102,73;6,4;977;;;;;;;;;;;;;;;;;;;;;;;;;
DeAndre Jordan;DEN;36;56;37;19;12,3;207;90;140;65;0;0;0;28;62;42,2;84;202;286;50;39;17;28;73;717;3;0;-0,8;108,8;112,1;-3,3;10,5;1,33;20,2;11,9;26,2;19,4;15,3;65;62,1;12,6;100,07;11,5;1440;;;;;;;;;;;;;;;;;;;;;;;;;
Herbert Jones;NOP;26;20;5;15;32,4;206;76;172;43,6;22;72;30,6;34;40;82,5;22;56;78;66;36;38;10;66;500;0;0;-1;111,8;112,5;-0,7;13,4;1,86;22,3;3,3;8,5;5,9;12;50;54,1;14,6;100,76;6,2;1356;;;;;;;;;;;;;;;;;;;;;;;;;
Larry Nance Jr,;ATL;32;24;10;14;19,3;204;79;156;51,6;34;77;44,7;10;12;69,2;24;79;103;38;17;19;12;36;466;3;0;-4;107,5;116,5;-9;12,5;2,38;17,7;4,6;17,4;10,8;7,4;62,6;63,2;15,5;104,76;10,6;1009;;;;;;;;;;;;;;;;;;;;;;;;;
Olivier-Maxence Prosper;DAL;22;52;27;25;11,2;203;68;172;40,2;10;52;23,5;47;78;64,5;42;83;125;42;16;26;5;26;494;0;0;-2;101,8;109,5;-7,7;10,1;2,86;15,2;7,1;13,7;10,3;5,3;43,7;48,4;15,8;103,43;8,2;1255;;;;;;;;;;;;;;;;;;;;;;;;;
Jock Landale;HOU;29;42;26;16;11,9;202;80;151;53,3;13;25;42,3;25;42;67,5;55;80;139;38;21;13;8;50;466;1;0;-0,6;110,5;112,6;-2,1;10,2;1,76;16,3;9,9;15,1;12,5;9,3;56,9;59;14,8;103,58;9,7;1078;;;;;;;;;;;;;;;;;;;;;;;;;
Jalen Pickett;DEN;25;49;31;18;13,6;201;78;181;42,8;39;103;39,6;5;10;75;15;54;69;108;25;20;5;39;495;1;1;1,1;112,6;109,7;2,9;21,1;4,46;34,1;2,2;7,8;5,1;7,6;53,9;54,5;13;99,25;7,8;1383;;;;;;;;;;;;;;;;;;;;;;;;;
Kai Jones;DAL;24;40;20;20;11,7;200;88;108;79,8;0;4;20;24;32;71,9;40;84;124;24;20;16;24;52;480;1;0;-0,5;107;109,2;-2,3;8;1,39;15,2;8,9;17,3;13,3;11;80,3;80,4;12,8;99,77;13,1;974;;;;;;;;;;;;;;;;;;;;;;;;;
Mouhamed Gueye;ATL;22;33;15;18;16,1;198;73;172;42,1;20;83;25,9;33;43;76,2;43;96;139;26;17;26;33;56;571;2;0;2,6;113,4;104,7;8,8;6,4;1,8;11,7;7,8;17,9;12,7;6,5;48,2;52;15,5;103,84;8,5;1146;;;;;;;;;;;;;;;;;;;;;;;;;
Jamal Cain;NOP;26;37;6;31;13,6;196;67;159;43;26;81;32,5;33;52;68;26;59;85;22;22;22;7;44;403;0;0;-3,6;106,4;119,3;-12,9;6,5;1;9,8;5;11,7;8,2;9,8;51,3;54,4;16,7;100,49;6,7;1052;;;;;;;;;;;;;;;;;;;;;;;;;
Collin Gillespie;PHX;25;33;12;21;14;195;69;158;43;40;89;43,3;20;23;86,4;23;56;79;79;17;20;7;30;465;1;0;-0,9;115,6;118,4;-2,8;23,5;4,59;29,7;4,8;12,4;8,6;6,5;55,4;57,8;17;98,66;10,5;947;;;;;;;;;;;;;;;;;;;;;;;;;
Duop Reath;POR;28;46;19;27;10,2;193;69;166;42,2;32;106;32,1;18;23;90,9;46;46;92;28;14;14;14;41;405;0;0;-1,2;108;114,5;-6,5;8,3;1,63;11,9;8,2;11,1;9,5;7,3;52,4;55,2;16,2;102,71;7,7;1009;;;;;;;;;;;;;;;;;;;;;;;;;
Craig Porter Jr,;CLE;25;51;40;11;10,1;189;71;138;51,4;20;46;43,8;26;31;71,9;20;46;66;71;36;15;15;26;434;0;0;-0,9;108,3;113,5;-5,2;19,1;1,87;27;3,7;8,5;6,3;14,4;58,9;61;15,5;100,91;9,1;1084;;;;;;;;;;;;;;;;;;;;;;;;;
Jae'Sean Tate;HOU;29;52;38;14;11,3;187;68;146;47,3;16;47;34,8;31;47;68,1;52;68;120;47;21;26;5;83;478;0;0;1;111;104,7;6,3;10,7;2,14;19,7;7,2;10,8;8,9;9,2;52,7;55,7;12,6;103,16;7,1;1251;;;;;;;;;;;;;;;;;;;;;;;;;
Paul Reed;DET;25;45;22;23;9,7;185;72;144;50,7;9;27;28,6;32;41;76,2;41;81;122;45;27;41;27;77;563;0;0;1;111,3;105,7;5,6;14,1;1,69;19;9;19,7;14,2;11,3;53,5;57,3;17,9;101,81;11,5;924;;;;;;;;;;;;;;;;;;;;;;;;;
Tre Mann;CHA;24;13;6;7;24,5;183;70;161;43,5;23;60;40;20;21;90,5;12;26;38;39;25;7;4;23;295;0;0;-4,2;107;114,4;-7,3;21,9;1,56;16,7;3,4;7,9;5,6;10,7;50,9;53,7;25;99;9,8;655;;;;;;;;;;;;;;;;;;;;;;;;;
Zeke Nnaji;DEN;24;57;36;21;10,7;182;68;143;49,6;17;51;32,7;29;46;61,4;34;57;91;23;11;23;40;63;502;0;0;-0,4;107,3;108,9;-1,6;5,1;1,64;11,6;5,2;8,1;6,7;7;55,7;57,4;11,9;102,16;6,3;1293;;;;;;;;;;;;;;;;;;;;;;;;;
Vince Williams Jr,;MEM;24;27;10;17;18,5;178;68;167;40,1;27;95;27,4;19;24;79,2;22;76;97;54;32;11;8;46;402;1;0;0,2;117,4;116,2;1,2;14;1,67;20,8;4,2;15;9,6;12,5;47,9;50,4;16,6;105,23;6,5;1090;;;;;;;;;;;;;;;;;;;;;;;;;
Cory Joseph;ORL;33;50;26;24;12,2;175;60;155;40,3;40;105;36,4;15;20;77,8;15;55;75;70;20;25;5;50;445;0;0;0,7;110,5;106,9;3,6;16,6;4;28,7;2,7;9,5;6;7,2;52,9;54,7;12,6;98,59;7,5;1252;;;;;;;;;;;;;;;;;;;;;;;;;
Danté Exum;DAL;29;20;7;13;18,6;174;64;134;47,8;24;54;43,4;24;32;74,2;4;30;34;56;22;12;4;34;320;0;0;-2,4;109,3;115,2;-6;22;2,55;24,8;1;7,4;4,2;9,7;56,3;58,9;19,3;101,4;8,3;786;;;;;;;;;;;;;;;;;;;;;;;;;
Jeff Green;HOU;38;32;20;12;12,4;173;61;122;50,4;29;80;36,7;22;26;80,8;10;48;58;19;10;6;3;32;291;0;0;-1,2;112,2;116,1;-3,9;6,8;2,22;12,4;2,4;10,8;6,5;5,6;62,4;64,9;14,4;100,43;8,5;827;;;;;;;;;;;;;;;;;;;;;;;;;
Jaylon Tyson;CLE;22;47;37;10;9,6;169;66;150;43;19;56;34,5;19;24;79,2;38;61;94;42;28;14;5;52;371;1;0;0;108,4;108,8;-0,4;13,5;1,69;19,1;7,6;11,7;9,7;11,3;49,7;52,3;16,4;101,31;7,5;957;;;;;;;;;;;;;;;;;;;;;;;;;
Kessler Edwards;DAL;24;40;17;23;15,2;168;68;136;49,6;24;56;40,7;12;12;92,3;24;92;116;44;16;20;20;64;472;1;0;-4;110;122,3;-12,3;9;2,63;21,1;3,7;15,4;9,6;8;57,8;59,7;11;102,71;6,7;1303;;;;;;;;;;;;;;;;;;;;;;;;;
Keaton Wallace;ATL;26;31;15;16;16,2;167;65;161;40,1;28;81;32,9;12;12;100;6;43;50;81;34;28;9;40;428;1;1;-0,6;106,2;108,4;-2,2;22,4;2,45;28,8;1,3;8;4,7;11,7;48,5;50,3;16,4;102,77;7,4;1075;;;;;;;;;;;;;;;;;;;;;;;;;
Grant Williams;CHA;26;16;6;10;29,9;166;54;123;43,9;27;74;36,5;30;37;83,8;18;64;82;37;29;18;13;46;386;0;0;0,6;114,9;113,3;1,6;10,7;1,32;18;3,5;13,4;8,3;13,6;54,9;59,6;14,6;99,95;7,6;995;;;;;;;;;;;;;;;;;;;;;;;;;
Jaylen Clark;MIN;23;40;28;12;13;164;56;120;46,7;24;52;43,1;28;36;78,4;28;28;52;28;8;36;4;60;372;0;0;1,1;115,2;109,6;5,6;6,7;3,25;15,1;4,7;5,3;5;4,7;55,8;59,8;11,5;101,98;5,7;1101;;;;;;;;;;;;;;;;;;;;;;;;;
Daniel Theis;NOP;33;38;10;28;16,3;163;61;129;47,3;8;38;24,3;30;38;83,8;46;122;163;61;27;19;19;68;540;1;0;-1,6;109,3;115,2;-5,9;13,1;2,4;26;6,2;19,2;12,2;10,8;50,8;55,8;11,1;102,26;8,1;1331;;;;;;;;;;;;;;;;;;;;;;;;;
Micah Potter;UTA;27;38;10;28;18,6;163;57;137;42,2;30;99;31,6;15;19;85;42;122;163;30;30;15;15;49;460;0;0;-2,7;108,6;116,2;-7,6;5,8;1;15;5,8;15,3;10,7;15;53,7;56,3;10,2;101,29;6,3;1492;;;;;;;;;;;;;;;;;;;;;;;;;
Quenton Jackson;IND;26;28;14;14;13,6;162;59;123;47,5;14;39;37,5;31;39;77,5;14;31;45;53;17;22;6;42;356;0;0;0;110,9;110,1;0,8;19,3;3,31;25,4;3,5;7,9;5,7;7,7;53,7;58;16,7;104,12;8,9;823;;;;;;;;;;;;;;;;;;;;;;;;;
Jordan Goodwin;LAL;26;29;17;12;18,7;162;64;145;43,8;26;67;38,2;9;12;81,8;38;75;113;41;26;29;12;44;455;0;0;-0,4;111,2;112,4;-1,2;10,8;1,62;19,4;6,8;13,5;10,1;12;52,8;54,1;13,4;99,53;8;1126;;;;;;;;;;;;;;;;;;;;;;;;;
Charles Bassey;SAS;24;36;14;22;10,4;158;68;119;58,1;0;0;0;22;32;63,6;58;97;151;18;22;14;29;50;475;2;0;-3,6;101,6;117,5;-15,9;7,2;0,74;9,9;13,3;24;18,5;13,5;58,1;59,7;16,4;105,46;11,3;826;;;;;;;;;;;;;;;;;;;;;;;;;
Rayan Rupert;POR;21;52;23;29;8,8;156;57;140;40,8;16;57;27,1;21;31;76,7;26;42;68;26;31;16;5;36;307;1;0;-1,7;100,6;109,8;-9,2;8,3;0,83;11,9;4,9;9,7;7,1;14,3;46,5;49,9;15,6;104,66;5,5;1005;;;;;;;;;;;;;;;;;;;;;;;;;
Colby Jones;WAS;23;39;12;27;13,2;156;59;129;45,7;16;51;32,7;23;35;65,7;20;66;86;43;23;27;12;35;421;1;0;-2,9;104,4;114,8;-10,4;12,3;1,91;20,8;3,8;12,3;8;10,8;51,9;54,4;13,8;99,47;7,8;1066;;;;;;;;;;;;;;;;;;;;;;;;;
Jevon Carter;CHI;29;36;13;23;8,9;155;54;148;37,7;36;104;33,3;7;11;80;4;36;40;40;11;14;4;14;295;0;0;1;114,8;111,5;3,3;16,6;3,64;19,9;1,2;9,4;5,4;5,5;49,7;50,9;20;106,46;8,2;717;;;;;;;;;;;;;;;;;;;;;;;;;
David Roddy;HOU;24;33;9;24;12,4;152;56;125;45,6;20;59;31,1;20;26;76,9;13;73;83;36;23;13;10;20;353;0;0;-2,3;106,4;114,6;-8,2;12,1;1,59;18;3;17,7;10,1;11,3;53,2;56,1;15,9;104,43;8,9;890;;;;;;;;;;;;;;;;;;;;;;;;;
Jordan Miller;LAC;25;37;21;16;11,4;152;59;133;43,3;7;37;21,1;30;33;80;22;33;59;33;26;19;4;26;311;0;0;-1,7;103,8;109,8;-6;12,4;1,31;16,2;5,3;8,4;6,8;12,4;46,3;50,9;17,5;100,15;7;872;;;;;;;;;;;;;;;;;;;;;;;;;
Trevelin Queen;ORL;28;31;15;16;13,9;152;56;146;38,1;22;78;28,6;19;22;85,7;25;28;53;37;22;31;9;37;375;0;0;-2,8;101,9;111,1;-9,2;14,1;1,73;17,5;5,6;7,1;6,3;10,1;45,6;48,6;17,6;98,95;7,1;885;;;;;;;;;;;;;;;;;;;;;;;;;
Wendell Moore Jr,;CHA;23;36;11;25;13,9;151;58;126;46,8;14;40;34,1;18;22;81,8;29;65;94;43;29;22;4;32;374;1;0;-3,7;99,6;112;-12,4;13;1,56;20,6;5,3;13,2;9;13,2;52,4;55,3;13,3;100,73;8,3;1045;;;;;;;;;;;;;;;;;;;;;;;;;
Bones Hyland;MIN;24;24;11;13;9,9;149;48;118;39,8;31;82;39;24;26;88,5;5;19;24;31;24;19;5;29;269;0;0;-1,3;102;108,1;-6,1;24,6;1,28;17,3;2;8,3;5,1;13,5;53,4;57,6;27,4;98,61;10,8;490;;;;;;;;;;;;;;;;;;;;;;;;;
Jarred Vanderbilt;LAL;26;36;25;11;16,1;148;58;122;48,8;11;32;28,1;22;36;55,6;68;115;184;40;29;36;11;68;533;0;0;1;115,6;112,2;3,3;9,4;1,41;19,9;11,4;19,4;15,4;14,1;52,5;53,7;11,6;100,61;8,2;1215;;;;;;;;;;;;;;;;;;;;;;;;;
Dominick Barlow;ATL;22;35;13;22;10,7;147;60;112;53,1;7;28;25,9;21;32;63,6;35;49;84;18;4;11;18;46;350;1;0;-0,1;110,2;111,8;-1,6;7;3,8;12,7;9,1;13,9;11,4;3,3;56,2;58;14,1;104,7;8,2;823;;;;;;;;;;;;;;;;;;;;;;;;;
Doug McDermott;SAC;33;42;21;21;8,1;147;50;118;42,7;42;101;43,6;4;4;60;4;21;21;8;4;4;0;29;197;0;0;0,6;111,5;109,9;1,6;2,8;1,17;5,3;0,9;5,4;3,1;4,5;61,5;61,7;15;101,3;5,1;728;;;;;;;;;;;;;;;;;;;;;;;;;
Gary Harris;ORL;30;48;28;20;14,8;144;53;134;38,3;38;101;35,6;5;14;58,3;19;43;62;29;19;24;14;43;365;0;0;1,8;110,4;103,2;7,2;5,8;1,76;16,3;2,6;6,3;4,4;9,2;51,9;52,4;9;99,58;4,3;1465;;;;;;;;;;;;;;;;;;;;;;;;;
Bismack Biyombo;SAS;32;28;10;18;18,8;143;67;115;58,8;0;0;0;11;25;40;42;115;157;31;28;17;22;53;470;3;0;-3,6;108,7;117,9;-9,2;7,9;1,15;16,9;8;20,7;14,4;14,8;58,8;57,6;12,4;100,23;8;1102;;;;;;;;;;;;;;;;;;;;;;;;;
Keion Brooks Jr,;NOP;24;14;2;12;23,7;141;53;109;48,6;14;43;32,6;22;29;73,3;13;46;57;13;13;10;10;29;279;1;0;-10,4;100,7;121,2;-20,5;6,2;1,08;8,8;3,4;13,6;8,4;8,2;55;58,1;16,9;101,63;7,9;702;;;;;;;;;;;;;;;;;;;;;;;;;
Ousmane Dieng;OKC;22;37;30;7;10,9;141;56;126;43,2;22;70;32,4;11;15;68,8;19;63;81;30;19;19;7;33;340;0;0;1,2;104,3;99,2;5,1;10,7;1,72;17,1;4;14,2;9,1;9,9;52,4;53,8;15,2;102,86;8,8;868;;;;;;;;;;;;;;;;;;;;;;;;;
Terrence Shannon Jr,;MIN;24;32;21;11;10,6;138;54;115;48,2;10;32;35,5;16;22;81;10;38;48;32;16;6;6;26;262;1;0;0,3;107,8;107;0,8;13,9;2,13;18,8;2,9;10;6,5;8,8;53,1;56;16,6;103,77;8,2;735;;;;;;;;;;;;;;;;;;;;;;;;;
Mo Bamba;NOP;27;32;19;13;12,9;138;51;112;46,4;16;54;27,8;19;26;70,4;32;112;144;19;19;10;32;58;438;0;0;-2,3;103,5;112,5;-9;6,8;0,9;11,1;7,9;26,8;17,5;12,3;53,1;55,7;15;98,15;10;846;;;;;;;;;;;;;;;;;;;;;;;;;
Luka Garza;MIN;26;39;28;11;5,6;137;51;105;49,5;12;35;27,8;23;35;68,6;31;23;55;12;12;8;4;27;234;0;0;0;107,9;107,5;0,4;8,2;0,92;7,6;13,8;10,3;12,1;8,3;54,3;57,3;24,1;105,17;10,1;480;;;;;;;;;;;;;;;;;;;;;;;;;
Kyle Lowry;PHI;39;35;14;21;18,8;137;42;116;35;28;88;33;28;32;81,8;11;56;67;95;21;32;11;63;473;0;0;-2;103,8;109,6;-5,8;20,6;4,57;38,4;1,6;8,6;5;8,4;47,4;52,5;10;99,28;6,7;1368;;;;;;;;;;;;;;;;;;;;;;;;;
Devin Carter;SAC;23;36;18;18;11;137;47;126;37;18;61;29,5;25;43;59,1;18;58;76;40;18;22;4;40;349;0;0;1,2;113,1;109,3;3,9;13,9;2,28;19,9;4,4;14,7;9,3;8,7;44,1;47,1;16,9;100,14;7;831;;;;;;;;;;;;;;;;;;;;;;;;;
Marvin Bagley III;MEM;26;31;7;24;8,6;136;56;105;51,9;3;19;15,8;22;34;65,7;37;47;84;12;12;9;9;19;291;1;0;-0,3;108,2;108,8;-0,6;6,3;0,92;7,6;12,8;15,9;14,3;8,3;53,3;56;20;103,88;12,3;571;;;;;;;;;;;;;;;;;;;;;;;;;
Reggie Jackson;PHI;35;31;11;20;12,4;136;53;133;39,1;25;74;33,8;6;9;77,8;9;34;43;47;16;16;3;34;295;0;0;-0,6;108,3;111,8;-3,5;17,2;2,65;22,6;2;9,3;5,5;8,5;48,5;49,6;17;98,88;6,7;795;;;;;;;;;;;;;;;;;;;;;;;;;
Isaac Jones;SAC;24;40;19;21;7,6;136;56;84;65,1;4;8;37,5;24;36;63,9;24;36;56;12;16;4;12;32;248;0;0;-1,6;104,6;115,1;-10,5;5,7;0,75;9,5;7,1;12;9,5;12,7;66,9;67,8;15,2;102,68;8,7;652;;;;;;;;;;;;;;;;;;;;;;;;;
Dillon Jones;OKC;23;54;45;9;10,2;135;49;135;38,3;16;65;25,4;16;27;60,7;32;92;119;59;27;16;5;54;400;1;0;1,4;108,9;102,9;6;14,3;2,07;25;5;15,3;10,2;12,1;44,4;46,4;13,1;101,09;6,6;1164;;;;;;;;;;;;;;;;;;;;;;;;;
Hunter Tyson;DEN;24;51;30;21;7,8;133;46;122;37,5;26;77;31,1;20;26;75;26;51;77;20;15;10;5;46;291;0;0;-1,9;98,5;108,7;-10,2;7,4;1,43;12;5,5;12,4;8,8;8,4;47,1;50,6;14,6;104,6;5,7;867;;;;;;;;;;;;;;;;;;;;;;;;;
Anthony Gill;WAS;32;51;7;44;7,8;128;41;87;48,9;10;31;32,3;31;51;66;20;46;66;15;10;10;0;31;255;0;0;-1,4;101,9;109,7;-7,8;5,9;1,6;11,9;4,2;11,1;7,7;7,4;54,5;58,6;12,4;101,23;7,1;835;;;;;;;;;;;;;;;;;;;;;;;;;
Delon Wright;NYK;33;40;22;18;15,9;124;44;132;34,4;20;72;27,4;16;24;60;28;40;68;76;24;36;12;24;440;0;0;0;106,1;106,3;-0,2;16,2;3,5;31,8;4,2;6,1;5,1;9,1;42;44;11,1;98,84;6,1;1308;;;;;;;;;;;;;;;;;;;;;;;;;
Kevin Love;MIA;36;23;13;10;10,9;122;41;115;35,7;23;67;35,8;16;23;69,6;23;71;94;23;14;16;5;21;311;0;0;-1,1;108,7;112,3;-3,6;13,4;1,57;13,6;8;28,2;17,7;8,6;46,1;48,8;23;103,56;10,9;540;;;;;;;;;;;;;;;;;;;;;;;;;
Branden Carlson;OKC;25;32;29;3;7,7;122;42;96;44,3;22;67;33,3;13;19;77,8;16;38;54;13;6;6;22;22;278;1;0;1,3;115,1;105,8;9,4;7,7;2;11,1;6,4;13,1;9,9;5,6;55,7;58,1;18,5;103,83;10,1;529;;;;;;;;;;;;;;;;;;;;;;;;;
Colin Castleton;TOR;25;26;15;11;16,6;122;47;99;46,9;3;16;12,5;29;39;76,3;52;70;122;29;23;8;10;52;343;0;0;-1,2;106,1;108,2;-2,1;9,2;1,22;16,9;10,4;14,3;12,3;13,9;48;53,6;12,5;102,22;7,4;915;;;;;;;;;;;;;;;;;;;;;;;;;
Isaiah Wong;CHA;24;20;2;18;13,3;120;42;106;39;14;34;39,4;26;34;73,5;14;18;32;28;18;12;0;22;216;0;0;-0,3;100;102,6;-2,6;18,7;1,56;16,8;5,1;7,1;6;10,8;45,2;50;22;98,35;7,7;548;;;;;;;;;;;;;;;;;;;;;;;;;
Josh Minott;MIN;22;46;32;14;6;120;46;92;48,9;14;41;32,6;18;18;89,5;14;37;46;18;9;14;14;32;271;0;0;-0,3;104;107;-3;9,6;1,64;14,2;4,4;11,5;8,1;8,7;56,7;60,5;16;104,77;9,5;604;;;;;;;;;;;;;;;;;;;;;;;;;
Jared Rhoden;TOR;25;14;8;6;16,2;118;42;87;48,3;13;39;30,8;22;25;88;14;28;42;15;8;10;1;20;220;1;0;4,6;118,1;103,4;14,7;9,8;1,78;12,9;5,2;11,3;8,2;7,3;55,2;60,2;18,3;103,89;10,6;486;;;;;;;;;;;;;;;;;;;;;;;;;
Dwight Powell;DAL;33;55;25;30;10;116;44;61;68,9;0;6;40;28;44;65,1;50;72;116;55;17;17;22;77;435;0;0;-0,3;108,6;109,7;-1,1;13;3,06;36,2;8,4;13,1;10,7;11,8;70,5;71,3;7,3;102,17;7,3;1172;;;;;;;;;;;;;;;;;;;;;;;;;
Robert Williams III;POR;27;20;7;13;17,6;116;50;78;64,1;2;4;33,3;16;18;88,2;36;84;118;22;18;14;34;32;410;0;0;-0,9;106,3;108,3;-2;9;1,24;17,1;9,7;21,7;15,9;13,8;64,7;67,9;12;100,69;13,7;736;;;;;;;;;;;;;;;;;;;;;;;;;
Maxwell Lewis;BKN;22;28;9;19;11,7;115;45;109;41,7;20;50;38;8;11;70;17;36;56;20;14;8;8;28;244;0;0;-2,4;101,2;110,7;-9,6;9,1;1,36;13;5,1;11,8;8,2;9,6;50,5;51,6;16,4;99,39;6,6;677;;;;;;;;;;;;;;;;;;;;;;;;;
Dariq Whitehead;BKN;20;20;6;14;12,3;114;40;96;40,6;34;74;44,6;4;6;60;4;26;30;12;16;6;2;22;172;0;0;-3,2;98,7;109,7;-11,1;7,8;0,8;9,6;1,5;10,5;5,6;12;57,8;58;18,9;103,67;6,5;529;;;;;;;;;;;;;;;;;;;;;;;;;
Matisse Thybulle;POR;28;15;8;7;20,8;113;42;89;47,7;21;48;43,8;8;15;46,7;14;38;53;29;14;33;9;14;330;0;0;0,1;105,3;105,1;0,2;12,6;2,15;20,7;3,8;12,2;7,6;9,6;59,7;59,2;13,5;102,37;11,4;666;;;;;;;;;;;;;;;;;;;;;;;;;
Baylor Scheierman;BOS;24;31;27;4;12,4;112;40;109;35,5;25;81;31,7;9;12;75;19;47;65;34;12;16;3;22;285;0;0;0,9;109,9;105,8;4,1;12;2,75;20,5;4,8;11,7;8,3;7,5;47,3;49;14,3;95,28;7,4;761;;;;;;;;;;;;;;;;;;;;;;;;;
Damion Baugh;CHA;24;15;1;14;24,7;110;42;131;32,3;12;56;21,4;14;15;86,7;14;36;50;56;32;15;2;23;273;0;0;-11,3;99,5;121,8;-22,3;23,5;1,81;25;3,3;9,8;6,4;13,8;36,9;39,9;18,6;99,5;5,1;769;;;;;;;;;;;;;;;;;;;;;;;;;
Patty Mills;LAC;36;29;12;17;11,1;110;35;96;37,5;26;75;34,7;12;15;92,9;3;17;23;26;17;12;3;23;209;0;0;-0,5;104,6;108;-3,4;12,3;1,53;18,1;1,2;5,1;3,2;11,8;51;54,3;15;103,29;5,5;694;;;;;;;;;;;;;;;;;;;;;;;;;
John Konchar;MEM;29;46;26;20;12,1;110;41;92;45,1;23;60;37,1;9;9;87,5;37;115;152;41;14;32;14;32;474;0;0;1,3;113,2;107,8;5,4;9,5;2,63;27,6;6;18,7;12,3;10,5;57,7;59,2;7,7;105,46;9,4;1223;;;;;;;;;;;;;;;;;;;;;;;;;
Drew Timme;BKN;24;9;3;6;28,2;109;45;102;44,1;9;35;25,7;10;16;62,5;17;48;65;20;15;4;1;21;217;3;0;-7,3;102,8;115,5;-12,6;13,7;1,33;14;6;19,4;12,3;10,5;48,5;50;20,5;100,3;8,6;531;;;;;;;;;;;;;;;;;;;;;;;;;
Torrey Craig;BOS;34;26;16;10;12,1;109;39;91;42,2;23;65;36,4;8;13;66,7;26;47;73;18;8;8;13;34;273;0;0;-1,9;104,9;109,8;-5;7,8;2,13;14;7,6;13,8;10,6;6,6;55,6;56,7;13,9;98,16;8;634;;;;;;;;;;;;;;;;;;;;;;;;;
Jaden Springer;UTA;22;43;22;21;8,5;108;34;90;38,9;13;47;25;26;39;71,1;17;43;56;34;17;26;4;43;297;0;0;-0,7;105,6;108,9;-3,3;13;2,06;21;4,4;10,7;7,6;10,2;45,6;51,1;13,9;102,79;6,3;779;;;;;;;;;;;;;;;;;;;;;;;;;
Taj Gibson;CHA;39;37;10;27;11,1;107;48;96;49,5;0;4;50;11;19;60;52;70;118;22;26;7;19;56;337;1;0;-3,4;96,6;110,4;-13,8;8,1;0,84;14;11,4;15,1;13,3;16,7;50;51,5;13,2;99,38;6,8;843;;;;;;;;;;;;;;;;;;;;;;;;;
Jalen Hood-Schifino;PHI;21;15;3;12;21;107;38;98;37,8;14;47;30,4;18;21;85,7;3;24;27;38;18;5;8;26;212;0;0;-6,4;107,2;123,5;-16,4;16,5;2,06;22,7;0,9;7,7;4,1;11;44,9;49,4;16,4;101,36;4,9;670;;;;;;;;;;;;;;;;;;;;;;;;;
Cam Reddish;LAL;25;33;15;18;17,9;106;40;92;40,4;13;46;27,7;17;26;61,5;17;50;66;23;13;33;10;43;333;0;0;-2,8;107,6;115,9;-8,4;4,9;1,83;15,8;2,9;8,1;5,6;8,6;47,3;49,8;8,4;100,53;4;1240;;;;;;;;;;;;;;;;;;;;;;;;;
Oscar Tshiebwe;UTA;25;14;3;11;18,2;106;42;70;60;0;0;0;22;31;74,2;46;76;122;8;10;13;1;24;300;4;0;-0,8;113,4;115,8;-2,5;5,1;0,9;8,9;16;28,6;22,1;9,9;60;64;14,4;101,2;14;539;;;;;;;;;;;;;;;;;;;;;;;;;
Johnny Furphy;IND;20;50;31;19;7,6;105;35;90;38;15;50;30;20;20;81,8;25;50;70;20;10;20;10;40;290;0;0;0,4;106,1;105,4;0,6;6,3;1,58;14,4;6;12,6;9,3;9,1;46,2;50,6;11,8;105,49;5,9;842;;;;;;;;;;;;;;;;;;;;;;;;;
Cam Spencer;MEM;25;25;14;11;10,1;105;35;83;41,5;20;53;36,5;20;20;100;13;18;30;35;5;10;0;23;218;0;0;1,6;116,4;109,6;6,8;18,2;5,67;26,2;4,3;7;5,6;4,6;53;58,7;14,8;103,04;8,7;543;;;;;;;;;;;;;;;;;;;;;;;;;
Maxi Kleber;LAL;33;34;18;16;18,7;102;37;95;38,5;14;48;26,5;17;20;76,2;24;71;95;44;24;10;17;65;337;0;0;-0,5;111,9;112,3;-0,4;8,7;1,87;25;4;10,5;7,3;13,4;45,3;48,9;8,5;101,75;3,5;1345;;;;;;;;;;;;;;;;;;;;;;;;;
Pat Spencer;GSW;28;39;24;15;6,4;98;43;101;40,6;4;23;22,7;12;16;73,3;16;31;47;47;20;16;4;20;257;0;0;-0,4;105;107,8;-2,8;27,4;2,67;27,6;5,5;13,1;9;10,3;43,1;45,5;20,4;103,26;9,3;536;;;;;;;;;;;;;;;;;;;;;;;;;
Jordan McLaughlin;SAS;29;46;17;29;6,8;97;32;74;43,1;18;46;41,3;18;23;77,3;5;23;32;51;14;14;0;18;244;0;0;1,2;118;108,9;9,1;20,8;3,19;34,2;2,1;7,4;5;10,7;56,3;60;13,4;99,58;8,3;651;;;;;;;;;;;;;;;;;;;;;;;;;
Trey Jemison III;LAL;25;38;17;21;10,3;95;42;72;55,4;0;0;0;11;34;39,4;46;61;106;15;23;8;15;68;293;0;0;-0,5;105,6;107,8;-2,2;5,8;0,67;12,3;11,4;14,1;12,8;18,5;55,4;53,7;12,1;99,06;4,4;809;;;;;;;;;;;;;;;;;;;;;;;;;
Jericho Sims;MIL;26;53;34;19;11,9;95;42;69;63,4;0;0;0;11;11;61,5;69;127;196;32;32;11;21;64;440;0;0;0,5;111,5;109,1;2,4;6,8;1;23,1;11,4;19,6;15,6;23,1;63,4;63,9;7,4;98,7;7;1295;;;;;;;;;;;;;;;;;;;;;;;;;
Reece Beekman;BKN;23;36;13;23;13;94;36;108;32,7;7;40;17,5;14;22;76,2;14;25;40;65;22;32;4;36;317;0;0;-3,3;98,5;110,4;-12;20,5;3;31,3;2,4;6,1;4,1;10,4;36;40;12,2;99,16;5,1;969;;;;;;;;;;;;;;;;;;;;;;;;;
Christian Koloko;LAL;24;37;23;14;9,2;89;41;67;60,6;0;4;0;11;15;71,4;33;56;93;15;11;7;15;44;285;0;0;-0,2;104,7;106;-1,3;6,8;1,33;15,8;9,5;16,5;12,9;11,9;60,6;62,4;10,4;101,19;8,2;721;;;;;;;;;;;;;;;;;;;;;;;;;
Dru Smith;MIA;27;14;8;6;19,2;87;31;62;50,8;15;29;53,3;8;13;75;13;24;36;22;17;21;6;29;228;0;0;2,7;107,3;100,5;6,8;12,8;1,35;21,5;4,2;8,6;6,4;15,9;63,9;65,6;13,1;100,58;8,2;562;;;;;;;;;;;;;;;;;;;;;;;;;
Mitchell Robinson;NYK;27;17;10;7;17,1;87;37;56;66,1;0;0;0;14;19;68,4;53;49;100;14;10;15;19;26;320;2;0;1,4;113,8;108,2;5,7;6,2;1,3;14,8;17,4;17,6;17,5;11,4;66,1;67,6;10,9;96,37;12,2;578;;;;;;;;;;;;;;;;;;;;;;;;;
Lester Quinones;NOP;24;13;3;10;14,1;86;31;78;39,7;13;44;29,5;10;13;84,6;4;16;20;23;14;3;3;18;146;0;0;-2;104,5;110,4;-5,9;19,8;1,71;19,8;2;7,6;4,8;11,6;48,1;51,4;21,3;105,49;6,5;402;;;;;;;;;;;;;;;;;;;;;;;;;
Elfrid Payton;NOP;31;24;3;21;21,3;84;41;122;32,8;0;7;16,7;5;7;57,1;14;65;79;166;60;24;12;36;475;2;0;-6,2;99,7;113,1;-13,4;44,3;2,81;47,4;2,7;11,4;7,1;16,9;33,2;34;15,1;101,3;7,9;1076;;;;;;;;;;;;;;;;;;;;;;;;;
Jordan Walsh;BOS;21;52;39;13;7,8;83;31;83;36,1;16;57;27,3;5;10;58,3;21;47;68;21;16;10;10;31;244;0;0;0,5;111,8;108;3,8;6,4;1,12;15,3;5,7;11,3;8,5;13,7;45,2;46,4;11;98,14;4,5;821;;;;;;;;;;;;;;;;;;;;;;;;;
Damion Lee;PHX;32;25;6;19;5,8;83;28;75;36,5;10;38;24,3;20;20;95,2;3;18;20;10;10;5;0;5;133;0;0;1;104,7;98,7;6;12,1;1,1;10,5;2;10,4;6,4;9,5;42,6;49,9;26,9;104,99;8,9;318;;;;;;;;;;;;;;;;;;;;;;;;;
Tyler Kolek;NYK;24;41;27;14;7,2;82;29;82;32,9;12;45;29,8;12;16;76,5;8;21;29;70;16;12;4;25;250;0;0;0;104,1;104,4;-0,3;32,1;3,89;39,3;2,7;5,9;4,3;10,1;41,5;45,3;15,2;102,35;7,2;632;;;;;;;;;;;;;;;;;;;;;;;;;
Johnny Davis;WAS;23;34;4;30;7,1;82;31;78;41;7;31;24,1;10;14;60;10;27;37;10;7;14;7;17;197;0;0;-0,8;104,7;107,2;-2,5;6,4;1,57;10,7;3,6;10,4;6,9;6,8;45,5;47,3;15;106,66;6,7;531;;;;;;;;;;;;;;;;;;;;;;;;;
MarJon Beauchamp;NYK;24;35;19;16;4,5;81;28;67;41,5;11;28;34,5;14;21;75;11;32;46;11;14;4;0;14;147;0;0;0,3;94,8;92;2,9;12,4;0,73;10,9;6,4;19,8;12,9;14,9;49,2;53,5;22,2;106,73;12,3;347;;;;;;;;;;;;;;;;;;;;;;;;;
Jaylen Martin;WAS;21;16;3;13;14,9;78;30;74;41,9;6;22;30,4;10;10;90;11;34;45;18;13;10;0;14;171;0;0;-8,2;93,6;120,7;-27,1;12;1,42;16;4;14,1;8,6;11,3;46,6;49,7;15,5;100,58;7,4;502;;;;;;;;;;;;;;;;;;;;;;;;;
Alex Reese;PHI;26;15;4;11;14,4;77;26;54;48,1;15;41;36,6;9;12;75;9;38;47;5;6;11;11;21;192;0;0;1,3;117,3;111,8;5,5;2,3;0,67;5,8;4,1;16,1;10,3;8,7;62;64,1;12,3;104,64;7,9;468;;;;;;;;;;;;;;;;;;;;;;;;;
Kobe Brown;LAC;25;40;25;15;6,8;76;32;72;45,8;8;28;23,1;4;8;71,4;20;48;64;24;12;8;4;24;212;0;0;-1,3;105,9;114,7;-8,7;13,7;2;21,8;7;17,6;12,2;10,9;50;51,3;13,4;98,21;8,3;555;;;;;;;;;;;;;;;;;;;;;;;;;
Moses Brown;DAL;25;13;5;8;9,1;75;34;49;69,4;0;0;0;8;10;72,7;12;33;44;3;10;7;4;17;151;1;0;-1,1;101,5;105,9;-4,4;2,9;0,18;3;9,8;22,4;16,5;16,7;69,4;70,6;21,6;108,49;15,4;267;;;;;;;;;;;;;;;;;;;;;;;;;
Lamar Stevens;MEM;27;17;7;10;9,1;75;29;63;46;9;27;29,6;9;10;72,7;3;34;37;9;10;5;3;15;146;0;0;3,9;128,2;101,8;26,4;6,3;0,8;9,3;2,7;18,4;11,4;11,6;52,4;54,5;21;102,46;9;323;;;;;;;;;;;;;;;;;;;;;;;;;
Alex Len;LAL;31;46;21;25;8,3;74;32;64;50,8;0;9;22,2;9;18;47,1;37;55;97;37;18;9;23;55;313;0;0;-3,3;101,4;118,9;-17,5;14,3;1,9;29,5;9,4;14,2;11,8;15,5;52,4;52,5;10,1;101,55;5,7;798;;;;;;;;;;;;;;;;;;;;;;;;;
JT Thor;WAS;22;20;10;10;12,5;72;26;60;42,4;6;22;28,6;16;22;68,2;20;28;48;6;10;8;10;18;180;0;0;-4,8;95,3;115,3;-20;4;0,67;7,1;7;10,1;8,5;10,6;47,5;51,7;13,2;98,57;6,5;515;;;;;;;;;;;;;;;;;;;;;;;;;
Tristan Thompson;CLE;34;40;31;9;8,2;68;32;72;43,7;0;4;0;8;32;23,3;32;104;136;24;16;4;12;36;292;0;0;-2,1;97,2;109,8;-12,5;10,9;1,71;19,5;8,4;27,1;17,7;11,4;43,7;41;12,3;100,56;8,3;688;;;;;;;;;;;;;;;;;;;;;;;;;
Tyler Smith;MIL;20;23;12;11;5,3;67;23;51;48;14;30;43,3;7;7;75;7;18;25;5;7;2;5;12;115;0;0;0,3;103,4;96,3;7,1;5,6;0,5;6,2;5;14,3;9,8;12,3;61;62,6;20,5;105,22;12,3;261;;;;;;;;;;;;;;;;;;;;;;;;;
Jaylen Nowell;NOP;25;8;1;7;21;67;26;73;35,6;8;27;29,6;7;11;63,6;6;14;20;18;8;1;4;9;125;0;0;-5,3;100,9;114;-13,1;17,6;2,25;17,3;3,2;8,6;5,8;7,7;41,1;43;21,5;96,24;6;338;;;;;;;;;;;;;;;;;;;;;;;;;
Adam Flagler;OKC;25;37;34;3;5,5;67;26;96;26;15;70;19,4;0;4;50;7;19;26;11;4;7;4;15;144;0;0;0,2;99,1;96,7;2,3;9,4;3;10,6;2,9;8,6;5,7;3,5;33,3;33,5;20,7;100,16;2,5;422;;;;;;;;;;;;;;;;;;;;;;;;;
Marcus Bagley;PHI;23;10;1;9;25,3;67;27;69;39,1;5;32;15,6;8;10;80;23;47;70;10;7;9;12;16;222;2;0;-8,4;101,1;117;-15,9;5,6;1,43;11;7,8;17,5;12,4;7,7;42,8;45,6;12,8;102,58;7,7;542;;;;;;;;;;;;;;;;;;;;;;;;;
Nate Williams;HOU;26;20;14;6;7,3;66;28;62;43,5;6;26;23,1;6;8;62,5;6;8;14;10;14;8;4;16;116;0;0;-1,2;110,6;116,8;-6,2;7,9;0,64;10,1;3,3;5,3;4,3;15,7;48,4;49,6;21,2;108,85;3,8;331;;;;;;;;;;;;;;;;;;;;;;;;;
De'Anthony Melton;BKN;27;6;4;2;20,2;62;22;54;40,7;13;35;37,1;5;8;62,5;6;14;20;17;10;7;2;18;128;1;0;4,5;108,3;97,4;10,9;20,5;1,7;20;4,6;10,4;7,5;11,8;52,8;53,9;22,3;105,54;9,1;265;;;;;;;;;;;;;;;;;;;;;;;;;
Tony Bradley;IND;27;14;11;3;8,1;62;29;45;64,4;1;3;33,3;1;6;33,3;18;24;42;6;6;1;8;11;148;1;0;3,1;112,6;93,6;19;8;1,2;10,2;15,1;19,2;17,2;8,5;65,6;64;18,2;105,38;16;246;;;;;;;;;;;;;;;;;;;;;;;;;
Bronny James;LAL;20;27;17;10;6,7;62;22;68;31,3;8;32;28,1;11;14;78,6;3;14;19;22;14;8;3;14;140;0;0;-2,6;95,5;114,1;-18,6;19,1;1,69;20,4;2,1;7,6;4,8;12;38,1;42,4;19,9;99,45;5;375;;;;;;;;;;;;;;;;;;;;;;;;;
Markelle Fultz;SAC;27;21;9;12;8,8;61;27;67;41,8;4;8;50;0;0;100;6;15;21;27;15;11;2;13;147;0;0;0,2;109,3;105,7;3,6;20,8;1,8;24,8;3,6;7,7;5,8;13,8;44,8;45,2;19,6;99,36;6,5;377;;;;;;;;;;;;;;;;;;;;;;;;;
Cole Swider;TOR;26;10;5;5;17;59;22;63;34,9;15;47;31,9;0;1;0;5;22;27;3;4;4;2;12;110;0;0;5,4;114,2;100,5;13,7;2,2;0,75;4,3;2,6;11,9;7,2;5,7;46,8;46,5;15,5;104,92;4,6;372;;;;;;;;;;;;;;;;;;;;;;;;;
Bruno Fernando;TOR;26;17;2;15;8,6;58;26;49;53,1;0;0;0;7;9;75;20;31;51;19;14;3;9;27;172;0;0;-1,3;103,9;110,1;-6,1;19,4;1,29;21,2;12,7;21;16,5;16,5;53,1;55,2;18,2;100,37;10;305;;;;;;;;;;;;;;;;;;;;;;;;;
Dario Šarić;DEN;31;16;7;9;13,1;56;21;58;36,2;6;26;26,9;6;10;70;14;37;50;22;14;6;2;19;160;1;0;-3,1;97,3;108,7;-11,5;17;1,53;22,8;5,9;15,8;10,7;14,9;42,2;44,9;15,7;99,59;6,7;437;;;;;;;;;;;;;;;;;;;;;;;;;
Markieff Morris;LAL;35;15;7;8;11;56;21;71;30;9;36;25;5;6;83,3;3;20;23;21;5;2;3;17;125;0;0;-1,9;106,1;113,9;-7,8;19,1;4,2;21,2;1,7;11,4;6,6;5,1;36,4;38,5;20,2;100,86;4,5;345;;;;;;;;;;;;;;;;;;;;;;;;;
Tyson Etienne;BKN;25;7;1;6;21,6;55;17;52;32,7;13;44;29,5;8;10;80;3;6;9;12;8;3;1;17;88;0;0;-10;98,8;119,3;-20,5;12,6;1,5;15,6;1,8;4,6;3;10,4;45,2;48,8;17,7;105,16;2,4;330;;;;;;;;;;;;;;;;;;;;;;;;;
Drew Peterson;BOS;25;25;17;8;7,4;55;18;40;41,5;13;33;39,4;8;10;77,8;10;30;40;13;8;5;3;18;135;0;0;1,8;115,7;102,9;12,8;9,5;1,63;19,7;5,1;16,1;10,8;12,1;57,3;60,1;12,1;96,96;7,8;375;;;;;;;;;;;;;;;;;;;;;;;;;
Killian Hayes;BKN;23;6;1;5;27,1;54;18;43;41,9;8;21;38,1;10;12;83,3;5;13;18;31;9;4;4;13;137;0;0;-4;109,9;115,6;-5,7;27,4;3,44;34,8;2,8;8,7;5,5;10,1;51,2;55,9;14,5;101,72;8,5;342;;;;;;;;;;;;;;;;;;;;;;;;;
Kobe Bufkin;ATL;21;10;6;4;12,4;53;18;47;38,3;4;19;21,1;13;18;72,2;5;16;21;17;8;3;2;9;111;0;0;-2,3;95,3;103,3;-8;21,3;2,13;21,3;3,5;12,3;7,7;10;42,6;48,3;20,3;106,96;8,6;275;;;;;;;;;;;;;;;;;;;;;;;;;
Chuma Okeke;CLE;26;9;2;7;21,9;53;20;40;50;11;28;39,3;2;3;66,7;21;26;47;15;3;5;4;5;156;1;0;-3,1;115,8;122,1;-6,3;10,1;5;25,4;9,9;14,1;11,8;5,1;63,8;64,1;9,3;99,08;8,9;405;;;;;;;;;;;;;;;;;;;;;;;;;
Patrick Baldwin Jr,;LAC;22;24;3;21;4,4;53;19;36;54,3;12;24;56,5;2;5;50;5;19;24;2;5;2;2;7;98;0;0;1,2;114,6;102,1;12,4;4,2;0,6;6,7;3,8;18,9;10,5;11,1;72,9;72,1;15,1;104,77;12,2;233;;;;;;;;;;;;;;;;;;;;;;;;;
Garrett Temple;TOR;39;28;11;17;8,1;53;17;59;30;6;28;21,4;11;11;91,7;8;20;28;31;11;17;3;22;182;0;0;-1;106,6;111,1;-4,5;17,1;3,1;29;3,6;9;6,1;9,3;35;40,6;12,9;105,94;5,1;498;;;;;;;;;;;;;;;;;;;;;;;;;
Oshae Brissett;PHI;26;6;1;5;23,7;52;19;39;48,7;6;18;33,3;8;14;57,1;7;15;22;4;8;4;3;14;97;0;0;-5,2;113,6;124,3;-10,7;4;0,5;7,1;4,7;11,5;7,9;14,3;56,4;57,6;15,4;101,4;5;301;;;;;;;;;;;;;;;;;;;;;;;;;
Ariel Hukporti;NYK;23;25;17;8;8,7;48;20;30;67,7;0;0;0;5;13;46,2;15;38;50;10;20;0;15;33;153;0;0;-2,5;97,6;110,1;-12,4;7,5;0,52;15,9;6,6;15,1;11,2;30,4;67,7;65,4;11,3;102,57;4,8;462;;;;;;;;;;;;;;;;;;;;;;;;;
Kevin Knox II;GSW;25;14;11;3;6;46;18;36;50;4;15;26,7;6;8;75;7;10;17;6;4;1;4;6;88;0;0;-0,2;112,7;115,6;-2,9;8,6;1,25;10,2;6,9;14,9;10,1;8,2;55,6;58,2;20,2;103,28;10,4;181;;;;;;;;;;;;;;;;;;;;;;;;;
Enrique Freeman;IND;24;22;7;15;8,2;46;15;37;43,2;0;11;10;13;20;68,4;11;20;31;9;7;2;2;22;108;0;0;-0,9;104,4;110,7;-6,3;6,2;1,5;15;5,4;10,6;7,8;10;44,6;50,7;10,9;107,55;4;409;;;;;;;;;;;;;;;;;;;;;;;;;
Daeqwon Plowden;ATL;26;6;3;3;11,9;43;16;25;64;9;17;52,9;2;2;100;4;7;11;2;4;0;0;10;55;0;0;4,8;104;84,2;19,8;4,7;0,5;6,3;5,7;9,3;7,6;12,5;82;83,1;18,1;101,64;12,2;151;;;;;;;;;;;;;;;;;;;;;;;;;
Keshad Johnson;MIA;23;16;10;6;6,1;43;18;26;69,2;3;6;42,9;5;10;44,4;6;22;29;5;5;5;5;11;106;0;0;0,3;105,5;104,1;1,3;5,8;1;10,5;6,7;18,8;13,6;10,5;75;71,8;14,5;106,64;11,4;219;;;;;;;;;;;;;;;;;;;;;;;;;
Jaylen Sims;CHA;26;6;0;6;18,6;42;12;28;42,9;6;15;40;12;15;80;3;3;6;12;8;3;1;10;71;0;0;-7,8;100,4;120,4;-20;17,6;1,5;21,8;2,5;2,5;2,5;14,5;53,6;60,7;15,9;100,89;5,7;235;;;;;;;;;;;;;;;;;;;;;;;;;
Pete Nance;MIL;25;13;8;5;10,6;38;14;33;43,8;9;23;37,5;1;3;50;5;16;21;10;4;3;3;17;86;0;0;-1,1;107,8;114,8;-7;10,6;2,5;21,3;3,6;11,5;7,6;8,5;57,8;57,8;11,6;97,1;5,4;282;;;;;;;;;;;;;;;;;;;;;;;;;
Emoni Bates;CLE;21;10;9;1;7,5;37;13;38;34,2;11;30;36,7;0;0;0;0;7;7;8;2;1;1;4;61;0;0;-3,4;89;110,5;-21,5;20;4;16,7;0;7,5;3,6;4,2;48,7;48,7;20,1;104,3;8;163;;;;;;;;;;;;;;;;;;;;;;;;;
Chris Duarte;CHI;27;17;4;13;4,4;36;12;26;46,2;7;15;40;7;9;75;5;15;20;9;2;0;0;7;73;0;0;0,7;105,2;102,4;2,8;17,3;9;23,1;6;16,5;11,5;2,6;57,7;61;15,1;108,61;12,7;172;;;;;;;;;;;;;;;;;;;;;;;;;
Nae'Qwan Tomlin;CLE;24;5;4;1;12,7;36;13;32;40,6;2;10;20;8;11;72,7;9;12;21;2;2;0;1;9;65;1;0;1,4;96,4;92;4,4;5,3;1;5;11,7;14,5;13,1;5;43,8;48,9;23;104,1;9,6;138;;;;;;;;;;;;;;;;;;;;;;;;;
Alex Ducas;OKC;24;21;20;1;6;36;13;29;40;11;21;47,6;2;2;100;8;17;25;4;4;4;0;13;86;0;0;-1;99,6;106,3;-6,7;5,8;1,25;12,5;6;11,9;8,8;10;56,7;58,3;11,5;102,63;6,5;266;;;;;;;;;;;;;;;;;;;;;;;;;
Isaiah Jackson;IND;23;5;1;4;16,8;35;14;23;60,9;0;0;0;7;14;50;11;17;28;5;5;3;8;14;104;0;0;2;112,5;107,1;5,4;7,9;1;12,5;12,6;16,8;14,9;12,5;60,9;60;16,4;105,29;9,5;184;;;;;;;;;;;;;;;;;;;;;;;;;
Yuki Kawamura;MEM;24;22;17;5;4,2;35;11;31;36,7;7;22;30,4;7;9;77,8;0;11;11;20;4;2;0;9;79;0;0;1,2;114,6;102,5;12,1;25,7;3,8;32,8;0;11,4;6,3;8,6;48,3;53;16,7;106,19;8,6;206;;;;;;;;;;;;;;;;;;;;;;;;;
TyTy Washington Jr,;PHX;23;16;4;12;7,4;35;14;45;31,1;5;21;19;3;6;50;5;10;13;16;3;3;0;5;80;0;0;0,1;109,2;105,7;3,5;18,8;5,33;23,9;3,1;7;5;4,5;35,6;36,7;18,7;98,56;4,9;240;;;;;;;;;;;;;;;;;;;;;;;;;
JD Davison;BOS;22;16;13;3;5,8;34;13;34;35,3;5;18;22,2;5;6;71,4;2;11;13;13;13;5;2;2;74;0;0;-1,8;91,7;105,4;-13,7;27,7;1;20,6;2;11,8;6,7;20,6;41,2;44,5;22,8;94,28;7,9;181;;;;;;;;;;;;;;;;;;;;;;;;;
Kylor Kelley;NOP;27;11;3;8;11,5;34;14;22;63,6;0;0;0;6;10;60;12;28;39;6;4;1;3;15;97;1;0;-6,8;101,4;130,5;-29,1;5,6;1,25;13,9;7,9;19,4;13,4;11,1;63,6;64,4;9,7;104,42;7,2;276;;;;;;;;;;;;;;;;;;;;;;;;;
Xavier Tillman;BOS;26;33;26;7;7;33;13;53;24,5;7;33;15,6;3;3;75;10;33;43;7;13;10;7;17;129;0;0;-0,4;106,6;108,9;-2,3;4,3;0,5;9,3;4,1;14,6;9,1;18,7;29,2;31;12,5;97,6;2,2;469;;;;;;;;;;;;;;;;;;;;;;;;;
Sidy Cissoko;POR;21;22;11;11;5,2;33;13;31;43,3;2;13;23,1;2;9;33,3;9;13;22;15;11;2;0;11;77;0;0;0,4;91,2;89;2,1;19,7;1,36;25,4;6,8;10;8,5;18,6;48,3;47,1;15,6;103,79;5,7;249;;;;;;;;;;;;;;;;;;;;;;;;;
PJ Hall;DEN;23;19;12;7;3,5;32;13;25;58,3;2;8;25;4;4;75;6;15;23;4;2;0;4;11;76;0;0;-0,1;91,9;91,3;0,5;11,8;2;12,5;7,9;21,9;14,8;6,3;62,5;64,1;17,6;99;16,8;135;;;;;;;;;;;;;;;;;;;;;;;;;
Josh Richardson;MIA;31;8;4;4;18,7;32;11;38;28,9;6;22;27,3;4;4;100;6;6;12;12;8;8;1;17;83;0;0;-3,9;104,1;114,7;-10,6;11,7;1,5;20;3,8;4,8;4,2;13,3;36,8;40,2;13,4;100,82;1,5;315;;;;;;;;;;;;;;;;;;;;;;;;;
Elijah Harkless;UTA;25;10;1;9;13,8;32;11;35;31,4;7;25;28;3;6;50;9;12;21;8;3;10;1;18;99;0;0;3,1;113,2;103,5;9,7;7,3;2,67;16,3;5,8;9,2;7,4;6,1;41,4;42,5;12;99,3;3,7;287;;;;;;;;;;;;;;;;;;;;;;;;;
Trey Alexander;DEN;22;24;14;10;4,9;31;12;41;31,7;2;17;17,6;2;5;75;0;12;12;12;5;2;0;10;67;0;0;-1;94,2;105,1;-10,9;13,6;2,2;18,6;0,8;8,7;4,7;8,5;35,4;37,4;16,5;105,44;2,9;259;;;;;;;;;;;;;;;;;;;;;;;;;
Pacôme Dadiet;NYK;19;18;14;4;6,2;31;11;31;32,3;5;20;31,6;4;5;66,7;4;14;18;5;4;4;2;7;70;0;0;-0,9;103,8;113;-9,2;6,3;1,25;11,9;2,8;12,8;8;9,5;41,9;44,6;14,2;100,38;4,7;235;;;;;;;;;;;;;;;;;;;;;;;;;
RayJ Dennis;IND;24;11;7;4;6,4;30;11;33;33,3;6;21;28,6;2;2;100;2;10;12;14;6;7;2;7;87;0;0;4;113,5;86,3;27,3;25,5;2,8;26,4;2,5;11,6;7,3;9,4;42,4;44,3;21,2;105,02;11;155;;;;;;;;;;;;;;;;;;;;;;;;;
Chris Livingston;MIL;21;21;15;6;5;29;8;27;33,3;0;8;0;13;17;75;11;25;36;4;6;4;0;8;88;0;0;-1,4;89,6;102,2;-12,6;7,8;0,83;11,1;9,1;19,8;14,8;13,3;33,3;44,1;15;104,34;9,9;230;;;;;;;;;;;;;;;;;;;;;;;;;
Matt Ryan;NYK;28;19;14;5;3,6;29;10;30;32,3;6;19;31,6;2;2;100;0;8;8;4;4;2;0;2;46;0;0;-2,1;80,5;108,8;-28,3;8,3;1;7,9;0;11,3;5,6;7,9;41,9;43,9;20,8;104,75;6,2;149;;;;;;;;;;;;;;;;;;;;;;;;;
Marcus Garrett;CHA;26;4;1;3;19,8;28;11;27;40,7;3;8;37,5;3;4;75;1;5;6;13;6;3;2;10;64;0;0;-9,8;95,6;119,3;-23,6;25,5;2,17;27,1;1,3;5,7;3,6;12,5;46,3;48,7;19,3;97,05;5,7;160;;;;;;;;;;;;;;;;;;;;;;;;;
Josh Christopher;MIA;23;14;9;5;5;28;11;31;35,5;1;11;18,2;4;6;66,7;0;8;8;8;6;6;3;1;69;0;0;-0,4;105,7;108,2;-2,5;14,5;1,33;16,7;0;11,5;6,3;12,5;38,7;41,6;23,5;109,7;6,3;158;;;;;;;;;;;;;;;;;;;;;;;;;
Spencer Jones;DEN;23;20;13;7;6,2;26;12;34;32,4;2;18;5,9;4;4;100;8;10;18;6;6;6;6;18;78;0;0;-2,3;89,4;107,4;-18;6;1;11,1;5,7;6,7;6,2;11,1;33,8;36,8;12,8;104,76;1,3;274;;;;;;;;;;;;;;;;;;;;;;;;;
Jacob Toppin;ATL;25;17;13;4;4,4;24;9;22;40,9;5;10;50;0;0;0;3;12;15;7;3;2;0;3;53;0;0;-1,5;89,9;104,4;-14,5;13,3;2;19,4;4,1;14,8;9,7;9,7;52,3;52,3;14;101,56;9;158;;;;;;;;;;;;;;;;;;;;;;;;;
Jazian Gortman;DAL;22;16;8;8;3,5;24;10;22;39,1;5;11;36,4;2;5;50;2;5;5;6;5;2;2;10;43;0;0;0,7;103,8;99,2;4,6;15,4;1,2;17,1;1,6;6,5;4;14,3;47,8;48,5;19,5;109,79;3,1;132;;;;;;;;;;;;;;;;;;;;;;;;;
N'Faly Dante;HOU;23;4;0;4;12,7;24;10;13;76,9;0;0;0;4;5;80;6;15;21;2;2;1;5;9;68;0;0;-2,8;114,9;123,5;-8,6;5;1;10,5;12,2;26,8;20;10,5;76,9;78,9;13,3;108,58;12,5;114;;;;;;;;;;;;;;;;;;;;;;;;;
Vlatko Čančar;DEN;28;13;2;11;10,4;23;10;26;38,5;4;16;26,7;0;0;0;7;26;33;9;10;3;3;10;79;0;0;-1,4;93,5;100,3;-6,9;9,5;0,82;19,6;3,8;17;10,2;23,9;46,2;46,2;10,9;102,84;6,2;292;;;;;;;;;;;;;;;;;;;;;;;;;
Jae Crowder;SAC;34;9;3;6;11,4;23;7;22;31,8;4;15;26,7;5;6;83,3;6;14;20;6;4;3;0;10;61;0;0;-2;101,9;109,2;-7,4;7,7;1,5;17,6;5,5;13,3;9,3;11,8;40,9;46,7;11,3;100,89;4,8;215;;;;;;;;;;;;;;;;;;;;;;;;;
Mason Jones;SAC;26;10;4;6;4,5;23;9;18;50;1;8;12,5;4;5;80;2;7;9;11;1;0;1;3;52;0;0;0,1;107,4;105,3;2,2;37,9;11;34,4;4,5;14,9;9,9;3,1;52,8;56,9;19,3;99,93;15,9;94;;;;;;;;;;;;;;;;;;;;;;;;;
E,J, Liddell;CHI;24;12;6;6;4,4;22;8;16;53,3;4;10;30;2;2;100;4;6;10;4;2;1;1;11;41;0;0;-0,7;117,9;126,4;-8,6;6,4;1,5;14,3;6,5;10,2;8,6;9,5;63,3;66,1;13;110,79;4,7;123;;;;;;;;;;;;;;;;;;;;;;;;;
Jackson Rowe;GSW;28;6;4;2;8,6;22;8;17;47,1;3;10;30;3;6;50;3;8;11;4;1;4;0;4;52;0;0;3,8;116,4;103,5;12,9;10;4;16;4,6;16,7;9,7;4;55,9;56;14,2;109,95;10,1;122;;;;;;;;;;;;;;;;;;;;;;;;;
Leonard Miller;MIN;21;13;11;2;2,4;20;7;16;40;0;5;0;8;8;100;3;8;10;0;3;3;1;3;40;0;0;-0,9;79,2;98,6;-19,4;0;0;0;7,3;22,9;14,5;9,5;40;54;23,9;107,87;20,2;72;;;;;;;;;;;;;;;;;;;;;;;;;
Cam Christie;LAC;19;13;10;3;4,5;18;7;23;29,2;3;13;15,4;3;4;50;3;9;12;7;3;5;1;4;57;0;0;-0,8;97,6;105,6;-7,9;16,7;3;17,6;5,1;14,1;9,8;5,9;33,3;34,9;19,2;103,12;7;126;;;;;;;;;;;;;;;;;;;;;;;;;
Jamaree Bouyea;MIL;25;5;4;1;12,3;17;6;12;50;1;5;20;4;6;66,7;1;4;5;10;8;4;2;2;48;0;0;0,4;118,5;117,8;0,6;21,3;1,25;30,3;1,9;5,8;4,1;24,2;54,2;58,1;16,3;100,75;6,7;130;;;;;;;;;;;;;;;;;;;;;;;;;
Justin Minaya;POR;26;19;8;11;5,3;17;8;21;38,1;2;10;20;0;2;0;6;6;10;8;6;6;2;11;57;0;0;-0,6;95;101,9;-6,9;10,8;1,4;20,6;4,7;5,5;5,1;14,7;42,9;41,1;10,7;103,22;2;218;;;;;;;;;;;;;;;;;;;;;;;;;
Malachi Flynn;CHA;27;4;2;2;10,9;16;5;13;38,5;1;4;25;5;6;83,3;3;4;7;7;4;3;0;4;40;0;0;0,3;112,8;109,1;3,7;23,3;1,75;26,9;7,7;8;7,9;15,4;42,3;51,2;19,6;95,6;8,4;86;;;;;;;;;;;;;;;;;;;;;;;;;
David Duke Jr,;SAS;25;6;0;6;5,6;16;6;14;42,9;3;6;50;1;2;50;1;4;5;4;2;1;0;1;29;0;0;4,7;128,4;91,8;36,6;13,3;2;19;3,2;10;7;9,5;53,6;53,8;20,7;104,64;8,7;74;;;;;;;;;;;;;;;;;;;;;;;;;
Bobi Klintman;DET;22;8;4;4;5,3;15;6;10;60;2;5;40;1;2;50;1;6;7;7;1;2;1;8;42;0;0;0;121,4;117,2;4,2;21,2;7;36,8;2,4;18,2;9,5;5,3;70;68,9;12,1;96,83;9,5;84;;;;;;;;;;;;;;;;;;;;;;;;;
Stanley Umude;MIL;26;22;15;7;3,9;15;4;26;19,2;2;15;20;2;4;50;4;13;18;4;2;2;7;9;66;0;0;-0,7;85,6;95,8;-10,1;7,1;1,33;11,4;4,3;13,1;8,9;8,6;25;27;13,7;107,72;2,2;195;;;;;;;;;;;;;;;;;;;;;;;;;
Joe Ingles;MIN;37;19;12;7;6;15;6;23;26,1;4;15;20;0;0;0;2;10;11;23;10;2;0;11;59;0;0;0,1;108,9;113,1;-4,2;26,1;2,56;41,8;1,7;8;4,8;16,4;32,6;32,6;11,3;102,03;2,5;248;;;;;;;;;;;;;;;;;;;;;;;;;
Tolu Smith;DET;24;1;0;1;22,4;14;6;9;66,7;0;0;0;2;3;66,7;4;4;8;0;2;0;0;3;22;0;0;7;117,4;104,4;12,9;0;0;0;12,9;20;15,7;16,7;66,7;67,8;20;97,72;14,9;46;;;;;;;;;;;;;;;;;;;;;;;;;
Jack McVeigh;HOU;28;9;5;4;4,8;14;5;17;29,4;4;13;30,8;0;0;0;2;3;5;1;2;0;2;3;25;0;0;-1,1;84,7;93,9;-9,2;3,8;0,5;5;3,9;5,6;4,8;10;41,2;41,2;17,6;109,32;2;98;;;;;;;;;;;;;;;;;;;;;;;;;
Armel Traoré;LAL;22;9;5;4;7,4;14;6;19;31,6;0;7;0;2;7;28,6;2;13;15;1;3;4;2;6;49;0;0;-5,4;81,9;119,3;-37,3;2,6;0,33;3,8;2,6;22,8;11,1;11,5;31,6;31,7;15,3;102,24;2,7;144;;;;;;;;;;;;;;;;;;;;;;;;;
Isaiah Crawford;SAC;23;15;7;8;3;14;5;11;45,5;2;5;20;2;5;50;2;8;8;2;2;2;2;2;32;0;0;1,5;112;92,7;19,3;2,9;1;6,7;2,3;14,9;8,8;6,7;50;50,9;12,2;103,01;7;100;;;;;;;;;;;;;;;;;;;;;;;;;
Taylor Hendricks;UTA;21;3;0;3;24,8;14;4;18;22,2;3;12;25;3;4;75;5;10;15;2;2;5;4;8;60;0;0;-7,3;95,7;109,2;-13,5;4;1;8,3;5,4;11,5;8,3;8,3;30,6;35,4;11,3;105;3,6;163;;;;;;;;;;;;;;;;;;;;;;;;;
Bryce McGowens;POR;22;13;8;5;2,5;13;4;14;28,6;0;4;0;5;7;83,3;3;1;3;3;4;1;0;3;18;0;0;-0,3;89,9;97,1;-7,2;10,5;0,5;9,1;5,6;3,4;4,6;18,2;28,6;39,1;24,4;102,7;0;69;;;;;;;;;;;;;;;;;;;;;;;;;
Luke Travers;CLE;23;12;10;2;7,3;12;5;20;25;0;10;0;2;2;100;8;12;20;8;8;1;1;6;46;0;0;-0,1;109,1;109,7;-0,5;11,3;1;21,6;8,4;10,8;9,7;21,6;25;28,7;13,2;101,62;2,2;186;;;;;;;;;;;;;;;;;;;;;;;;;
Jahmir Young;CHI;24;6;4;2;4,9;11;4;5;80;1;2;50;2;2;100;1;2;3;6;1;0;0;2;23;0;0;-1,2;110;123,5;-13,5;23,1;6;46,2;4,2;5,9;5,2;7,7;90;93,5;9,2;111,64;10;70;;;;;;;;;;;;;;;;;;;;;;;;;
Trentyn Flowers;LAC;20;6;4;2;4,4;11;4;11;36,4;0;2;0;3;3;100;1;3;4;0;1;0;0;4;15;0;0;-1;88,5;101,7;-13,2;0;0;0;4,2;9,7;7,3;7,7;36,4;44,6;19,4;108,62;2,9;61;;;;;;;;;;;;;;;;;;;;;;;;;
Emanuel Miller;CHI;24;6;4;2;4,1;10;4;8;50;0;1;0;2;2;100;4;4;8;2;0;1;0;3;26;0;0;-1,3;120,4;130,4;-10;10,5;0;18,2;16,7;13,8;15,1;0;50;56,3;14,3;106,74;9,2;54;;;;;;;;;;;;;;;;;;;;;;;;;
Liam Robbins;MIL;25;13;8;5;4,4;9;3;8;25;0;3;0;5;10;50;7;5;12;3;7;3;3;9;33;0;0;-0,4;80,3;85,6;-5,3;5,6;0,33;9,5;11,1;8,5;9,8;28,6;25;36,3;12,8;106,17;-2,5;127;;;;;;;;;;;;;;;;;;;;;;;;;
P,J, Tucker;NYK;40;3;1;2;19,3;9;3;7;42,9;3;6;50;0;0;0;4;4;8;0;1;1;1;8;24;0;0;-7,3;106,1;127,4;-21,3;0;0;0;6,2;10,3;7,7;12,5;64,3;64,3;5,9;94,56;1,5;115;;;;;;;;;;;;;;;;;;;;;;;;;
Jalen Bridges;PHX;24;8;1;7;3,8;9;2;7;28,6;2;7;28,6;3;4;75;0;4;4;0;4;0;0;0;10;0;0;0,9;98,4;88,7;9,7;0;0;0;0;12,1;6,2;30,8;42,9;51,4;19,7;98,77;2,6;63;;;;;;;;;;;;;;;;;;;;;;;;;
Adama Sanogo;CHI;23;4;2;2;5,4;8;4;7;57,1;0;0;0;0;0;0;5;1;6;1;1;0;0;1;16;0;0;-1,3;104,2;122,2;-18,1;6,7;1;11,1;21,7;5,3;14,3;11,1;57,1;57,1;14,5;103,82;7,8;48;;;;;;;;;;;;;;;;;;;;;;;;;
James Johnson;IND;38;12;5;7;3,1;8;4;11;36,4;0;4;0;0;1;0;0;6;6;4;4;0;2;5;23;0;0;-0,8;97,4;110,5;-13,1;16;1;21,1;0;17,6;8,7;21,1;36,4;35;16,5;100,28;1,5;77;;;;;;;;;;;;;;;;;;;;;;;;;
Anton Watson;NYK;24;9;5;4;2,5;8;4;9;44,4;0;1;0;0;0;0;1;2;3;2;2;1;0;3;15;0;0;-1;103,9;119,2;-15,3;12,5;1;15,4;5;11,8;8,1;15,4;44,4;44,4;19,3;111,52;3,3;51;;;;;;;;;;;;;;;;;;;;;;;;;
Phillip Wheeler;PHI;23;5;0;5;8,9;8;3;21;14,3;0;10;0;2;2;100;2;6;8;2;1;1;2;1;29;0;0;2,6;110;96,6;13,4;6,5;2;8;3,6;12,5;7,7;4;14,3;18,3;22,1;96,76;-0,5;90;;;;;;;;;;;;;;;;;;;;;;;;;
Miles Norris;BOS;25;3;2;1;11,6;7;2;9;22,2;2;7;28,6;1;2;50;2;7;9;0;0;2;1;0;27;0;0;-4,7;87,7;110,9;-23,2;0;0;0;4,8;17,1;10,8;0;33,3;35,4;12,7;88,67;8,8;65;;;;;;;;;;;;;;;;;;;;;;;;;
Daniss Jenkins;DET;23;7;3;4;3,2;7;3;10;30;1;7;14,3;0;2;0;0;2;2;3;1;0;0;2;13;0;0;-1,3;102,3;108,2;-5,8;20;3;20;0;18,2;5,4;6,7;35;32,2;23,1;97,06;0;43;;;;;;;;;;;;;;;;;;;;;;;;;
PJ Dozier;MIN;28;9;7;2;3,9;7;2;3;66,7;2;3;66,7;1;6;16,7;1;4;5;5;1;1;0;3;23;0;0;-0,4;98,8;107,8;-9;16,7;5;41,7;4;12,5;8,8;8,3;100;62,1;8,2;107,91;5,4;80;;;;;;;;;;;;;;;;;;;;;;;;;
James Wiseman;IND;24;1;1;0;4,6;6;2;4;50;0;1;0;2;2;100;0;1;1;0;0;0;0;0;7;0;0;-4;118,2;141,7;-23,5;0;0;0;0;25;12,5;0;50;61,5;45,5;119,14;15,6;11;;;;;;;;;;;;;;;;;;;;;;;;;
Kevin McCullar Jr,;NYK;24;4;4;0;7,3;6;2;7;28,6;0;1;0;2;2;100;0;8;8;2;0;1;1;6;25;0;0;-0,5;93,8;96,9;-3,1;11,1;0;20;0;28,6;15,1;0;28,6;38,1;11,8;105,33;6,6;64;;;;;;;;;;;;;;;;;;;;;;;;;
Isaiah Mobley;PHI;25;1;0;1;17,4;6;2;7;28,6;1;3;33,3;1;2;50;1;3;4;5;0;1;1;3;24;0;0;-6;92,7;110;-17,3;55,6;0;38,5;4;15,8;9,1;0;35,7;38,1;17;111,94;9,9;41;;;;;;;;;;;;;;;;;;;;;;;;;
Tazé Moore;POR;26;2;0;2;9,9;6;2;10;20;1;4;25;1;2;50;4;4;8;1;2;2;0;0;21;0;0;-3,5;58,7;77,3;-18,6;12,5;0,5;7,1;12,1;16;13,8;14,3;25;27,6;22,4;108,82;10,5;46;;;;;;;;;;;;;;;;;;;;;;;;;
Alondes Williams;DET;25;1;0;1;3,7;5;2;2;100;1;1;100;0;0;0;0;0;0;1;0;0;0;0;7;0;0;6;171,4;85,7;85,7;33,3;0;33,3;0;0;0;0;125;125;28,6;90,4;40;7;;;;;;;;;;;;;;;;;;;;;;;;;
Skal Labissiere;SAC;29;4;2;2;3;5;2;4;50;1;1;100;0;0;0;1;2;3;1;0;0;0;1;10;0;0;-0,3;114,8;128;-13,2;12,5;0;20;8,3;22,2;14,3;0;62,5;62,5;12,9;104,35;9,2;27;;;;;;;;;;;;;;;;;;;;;;;;;
Ulrich Chomche;TOR;19;7;3;4;4,6;5;2;5;40;0;0;0;1;2;50;4;4;8;2;2;0;1;5;19;0;0;-3,4;96,9;140,3;-43,4;11,1;1;20;12,9;18,2;15,1;20;40;42,5;10,8;94,73;2;65;;;;;;;;;;;;;;;;;;;;;;;;;
Ron Harper Jr,;DET;25;1;0;1;17;4;1;8;12,5;0;6;0;2;2;100;4;3;7;2;0;0;0;0;15;0;0;-1;120,6;116,7;3,9;14,3;0;18,2;18,2;20;18,9;0;12,5;22,5;20,5;98,82;7,1;34;;;;;;;;;;;;;;;;;;;;;;;;;
Harrison Ingram;SAS;22;5;0;5;7;4;2;4;50;0;1;0;0;0;0;2;7;9;3;1;3;0;2;28;0;0;6;132;92;40;8,6;3;37,5;6,7;17,5;12,9;12,5;50;50;6;103,6;8;75;;;;;;;;;;;;;;;;;;;;;;;;;
Cui Yongxi;BKN;22;5;2;3;2,1;3;1;7;14,3;0;3;0;1;2;50;0;2;2;0;0;0;0;0;6;0;0;0,4;80,8;76;4,8;0;0;0;0;20;9,5;0;14,3;19;29,6;118,62;-5,6;26;;;;;;;;;;;;;;;;;;;;;;;;;
Braxton Key;GSW;28;3;3;0;3,6;3;0;4;0;0;1;0;3;6;50;1;1;2;0;1;2;0;0;11;0;0;-2,7;90;120,7;-30,7;0;0;0;7,7;16,7;10,5;12,5;0;22,6;22,2;130,81;-2,6;30;;;;;;;;;;;;;;;;;;;;;;;;;
Quincy Olivari;LAL;24;2;1;1;5,2;3;1;5;20;1;5;20;0;0;0;0;0;0;1;1;0;0;0;4;0;0;-9;68,2;150;-81,8;20;1;14,3;0;0;0;14,3;30;30;23,1;102,52;-2,2;22;;;;;;;;;;;;;;;;;;;;;;;;;
Tristen Newton;MIN;24;8;2;6;2;3;1;8;12,5;0;3;0;1;1;100;2;2;4;2;2;1;0;4;12;0;0;-0,6;83,3;97,6;-14,2;18,2;1;16,7;7,1;11,1;8,7;16,7;12,5;17,8;18,5;123,38;-6,8;42;;;;;;;;;;;;;;;;;;;;;;;;;
D,J, Carton;TOR;24;4;1;3;8,3;3;1;7;14,3;0;3;0;1;1;100;0;4;4;3;4;2;0;1;14;0;0;3;109;96,1;12,9;10;0,75;21,4;0;9,8;5,5;28,6;14,3;20,2;12,2;110,7;0,7;78;;;;;;;;;;;;;;;;;;;;;;;;;
Yuri Collins;GSW;24;2;2;0;8,2;2;1;3;33,3;0;0;0;0;0;0;2;1;3;4;0;2;0;5;18;0;0;-2,5;94,4;111,4;-17;33,3;0;57,1;8,3;7,1;7,9;0;33,3;33,3;6,8;104,54;4,8;36;;;;;;;;;;;;;;;;;;;;;;;;;
Malevy Leons;OKC;25;6;6;0;3,5;2;0;2;0;0;1;0;2;4;50;1;2;3;1;1;0;0;4;6;0;0;-3;61,4;104,7;-43,3;11,1;1;16,7;4;9,5;6,5;16,7;0;26,6;10,2;99,59;-6,9;44;;;;;;;;;;;;;;;;;;;;;;;;;
Daishen Nix;MIN;23;3;3;0;4,4;1;0;1;0;0;1;0;1;2;50;0;4;4;3;4;0;0;1;6;0;0;3;103,2;79,3;23,9;23,1;0,75;33,3;0;44,4;21,1;44,4;0;26,6;17,6;108,82;2,4;31;;;;;;;;;;;;;;;;;;;;;;;;;
Jahlil Okafor;IND;29;1;0;1;3,4;0;0;0;0;0;0;0;0;0;0;0;1;1;1;0;0;0;0;3;0;0;5;125;62,5;62,5;25;0;100;0;25;11,1;0;0;0;0;114,06;13,3;8;;;;;;;;;;;;;;;;;;;;;;;;;
Zyon Pullin;MEM;24;3;1;2;0,9;0;0;1;0;0;0;0;0;0;0;0;0;0;0;0;0;0;0;0;0;0;0,3;83,3;66,7;16,7;0;0;0;0;0;0;0;0;0;16,7;110,7;-8,7;6;;;;;;;;;;;;;;;;;;;;;;;;;
Isaiah Stevens;MIA;24;3;3;0;1,9;0;0;2;0;0;1;0;0;0;0;0;2;2;0;0;1;0;0;5;0;0;1,3;61,5;30,8;30,8;0;0;0;0;22,2;12,5;0;0;0;14,3;112,43;12,5;13;;;;;;;;;;;;;;;;;;;;;;;;;
Jesse Edwards;MIN;25;2;2;0;2,3;0;0;0;0;0;0;0;0;0;0;0;0;0;1;0;0;0;2;2;0;0;-5;72,7;150;-77,3;25;0;100;0;0;0;0;0;0;0;118,29;-4,3;11;;;;;;;;;;;;;;;;;;;;;;;;;
Mac McClung;ORL;26;2;1;1;5,1;0;0;2;0;0;1;0;0;0;0;0;1;1;3;0;0;0;2;6;0;0;-1;119;128,6;-9,5;33,3;0;60;0;10;5;0;0;0;8,7;98,5;0;21;;;;;;;;;;;;;;;;;;;;;;;;;
Terence Davis;SAC;28;1;1;0;7,9;0;0;2;0;0;1;0;0;0;0;0;1;1;1;0;0;0;0;3;0;0;-3;86,7;106,7;-20;16,7;0;33,3;0;11,1;5,9;0;0;0;11,1;91,33;0;15;;;;;;;;;;;;;;;;;;;;;;;;;
Terry Taylor;SAC;25;3;1;2;2,1;0;0;1;0;0;0;0;0;0;0;1;0;1;2;0;0;0;0;4;0;0;3;135,7;71,4;64,3;28,6;0;66,7;25;0;8,3;0;0;0;6,7;106,11;4,3;14;;;;;;;;;;;;;;;;;;;;;;;;;
Riley Minix;SAS;24;1;0;1;6,8;0;0;1;0;0;1;0;0;0;0;0;2;2;0;0;0;0;0;2;0;0;0;93,3;93,3;0;0;0;0;0;20;11,8;0;0;0;6,3;106,67;3,9;15;;;;;;;;;;;;;;;;;;;;;;;;;
Jalen McDaniels;WAS;27;4;2;2;1,8;0;0;0;0;0;0;0;0;0;0;0;0;0;1;0;1;0;0;4;0;0;-0,3;81,3;77,8;3,5;25;0;100;0;0;0;0;0;0;0;111,25;11,4;16;;;;;;;;;;;;;;;;;;;;;;;;;
